<application>
  <component name="EqualsHashCodeTemplates">
    <option name="defaultTempalteName" value="my equals no hashcode equals" />
    <option name="templates">
      <list>
        <TemplateResource>
          <option name="fileName" value="my equals no hashcode equals" />
          <option name="template" value="#parse(&quot;equalsHelper.vm&quot;)&#10;public boolean equals(##&#10;#if ($settings.generateFinalParameters)&#10;  final ##&#10;#end&#10;Object $paramName){&#10;  if(this == o) return true;&#10;&#10;  if(o == null || this.getClass() != o.getClass()) return false;&#10;&#10;  #addClassInstance()&#10;  return ##&#10;   #set($i = 0)&#10;   #set($len = $fields.size())&#10;#if ($superHasEquals)&#10;    super.equals(o)&#10;    #set($len = $len + 1)&#10;    #set($i = 1)&#10;#end&#10;   #foreach($field in $fields)&#10;     #if ($i &gt; 0)&#10;     &amp;&amp; ##&#10;     #end&#10;     #set($i = $i + 1)&#10;     #if ($field.primitive)&#10;     this.$field.name == ${classInstanceName}.$field.accessor ##&#10;     #elseif ($field.enum)&#10;     this.$field.name == ${classInstanceName}.$field.accessor ##&#10;     #else&#10;     this.${field.name}.equals(${classInstanceName}.$field.accessor) ##&#10;     #end&#10;     #if ($i == $len)&#10; ;&#10;     #else&#10; &#10;     #end&#10;   #end&#10;  ;&#10;}" />
        </TemplateResource>
        <TemplateResource>
          <option name="fileName" value="my equals no hashcode hashCode" />
        </TemplateResource>
      </list>
    </option>
  </component>
</application>