<application>
  <component name="FeatureSuggesterSettings">
    <option name="workingDays">
      <list>
        <option value="1651688300135" />
        <option value="1651705203386" />
        <option value="1651829183853" />
        <option value="1651911453446" />
        <option value="1652094605916" />
        <option value="1652178245133" />
        <option value="1652259089986" />
        <option value="1652442121220" />
        <option value="1652528283182" />
        <option value="1652696381874" />
        <option value="1652781738171" />
        <option value="1652870471318" />
        <option value="1652954320610" />
        <option value="1653038406440" />
        <option value="1654251337110" />
        <option value="1654364569785" />
        <option value="1654508075380" />
        <option value="1654591894739" />
      </list>
    </option>
  </component>
</application>