<application>
  <component name="ProjectJdkTable">
    <jdk version="2">
      <name value="IntelliJ IDEA IU-173.4301.25" />
      <type value="IDEA JDK" />
      <version value="java version &quot;16.0.2&quot;" />
      <homePath value="$APPLICATION_HOME_DIR$" />
      <roots>
        <annotationsPath>
          <root type="composite">
            <root url="jar://$APPLICATION_HOME_DIR$/lib/jdkAnnotations.jar!/" type="simple" />
            <root url="jar://$APPLICATION_HOME_DIR$/plugins/java/lib/jdkAnnotations.jar!/" type="simple" />
            <root url="jar://$MAVEN_REPOSITORY$/com/jetbrains/intellij/idea/ideaIU/221.5787.30/ideaIU-221.5787.30-annotations.zip!/" type="simple" />
          </root>
        </annotationsPath>
        <classPath>
          <root type="composite">
            <root url="jar://$APPLICATION_HOME_DIR$/lib/jshell-frontend.jar!/" type="simple" />
            <root url="jar://$APPLICATION_HOME_DIR$/lib/jdkAnnotations.jar!/" type="simple" />
            <root url="jar://$APPLICATION_HOME_DIR$/lib/bootstrap.jar!/" type="simple" />
            <root url="jar://$APPLICATION_HOME_DIR$/lib/rngom-20051226-patched.jar!/" type="simple" />
            <root url="jar://$APPLICATION_HOME_DIR$/lib/jna.jar!/" type="simple" />
            <root url="jar://$APPLICATION_HOME_DIR$/lib/annotations.jar!/" type="simple" />
            <root url="jar://$APPLICATION_HOME_DIR$/lib/jna-platform.jar!/" type="simple" />
            <root url="jar://$APPLICATION_HOME_DIR$/lib/idea_rt.jar!/" type="simple" />
            <root url="jar://$APPLICATION_HOME_DIR$/lib/idea.jar!/" type="simple" />
            <root url="jar://$APPLICATION_HOME_DIR$/lib/trang-core.jar!/" type="simple" />
            <root url="jar://$APPLICATION_HOME_DIR$/lib/external-system-rt.jar!/" type="simple" />
            <root url="jar://$APPLICATION_HOME_DIR$/lib/util.jar!/" type="simple" />
            <root url="jar://$APPLICATION_HOME_DIR$/lib/forms_rt.jar!/" type="simple" />
            <root url="jar://$APPLICATION_HOME_DIR$/lib/jps-model.jar!/" type="simple" />
            <root url="jrt:///home/work/.jdks/corretto-16.0.2!/java.base" type="simple" />
            <root url="jrt:///home/work/.jdks/corretto-16.0.2!/java.compiler" type="simple" />
            <root url="jrt:///home/work/.jdks/corretto-16.0.2!/java.datatransfer" type="simple" />
            <root url="jrt:///home/work/.jdks/corretto-16.0.2!/java.desktop" type="simple" />
            <root url="jrt:///home/work/.jdks/corretto-16.0.2!/java.instrument" type="simple" />
            <root url="jrt:///home/work/.jdks/corretto-16.0.2!/java.logging" type="simple" />
            <root url="jrt:///home/work/.jdks/corretto-16.0.2!/java.management" type="simple" />
            <root url="jrt:///home/work/.jdks/corretto-16.0.2!/java.management.rmi" type="simple" />
            <root url="jrt:///home/work/.jdks/corretto-16.0.2!/java.naming" type="simple" />
            <root url="jrt:///home/work/.jdks/corretto-16.0.2!/java.net.http" type="simple" />
            <root url="jrt:///home/work/.jdks/corretto-16.0.2!/java.prefs" type="simple" />
            <root url="jrt:///home/work/.jdks/corretto-16.0.2!/java.rmi" type="simple" />
            <root url="jrt:///home/work/.jdks/corretto-16.0.2!/java.scripting" type="simple" />
            <root url="jrt:///home/work/.jdks/corretto-16.0.2!/java.se" type="simple" />
            <root url="jrt:///home/work/.jdks/corretto-16.0.2!/java.security.jgss" type="simple" />
            <root url="jrt:///home/work/.jdks/corretto-16.0.2!/java.security.sasl" type="simple" />
            <root url="jrt:///home/work/.jdks/corretto-16.0.2!/java.smartcardio" type="simple" />
            <root url="jrt:///home/work/.jdks/corretto-16.0.2!/java.sql" type="simple" />
            <root url="jrt:///home/work/.jdks/corretto-16.0.2!/java.sql.rowset" type="simple" />
            <root url="jrt:///home/work/.jdks/corretto-16.0.2!/java.transaction.xa" type="simple" />
            <root url="jrt:///home/work/.jdks/corretto-16.0.2!/java.xml" type="simple" />
            <root url="jrt:///home/work/.jdks/corretto-16.0.2!/java.xml.crypto" type="simple" />
            <root url="jrt:///home/work/.jdks/corretto-16.0.2!/jdk.accessibility" type="simple" />
            <root url="jrt:///home/work/.jdks/corretto-16.0.2!/jdk.aot" type="simple" />
            <root url="jrt:///home/work/.jdks/corretto-16.0.2!/jdk.attach" type="simple" />
            <root url="jrt:///home/work/.jdks/corretto-16.0.2!/jdk.charsets" type="simple" />
            <root url="jrt:///home/work/.jdks/corretto-16.0.2!/jdk.compiler" type="simple" />
            <root url="jrt:///home/work/.jdks/corretto-16.0.2!/jdk.crypto.cryptoki" type="simple" />
            <root url="jrt:///home/work/.jdks/corretto-16.0.2!/jdk.crypto.ec" type="simple" />
            <root url="jrt:///home/work/.jdks/corretto-16.0.2!/jdk.dynalink" type="simple" />
            <root url="jrt:///home/work/.jdks/corretto-16.0.2!/jdk.editpad" type="simple" />
            <root url="jrt:///home/work/.jdks/corretto-16.0.2!/jdk.hotspot.agent" type="simple" />
            <root url="jrt:///home/work/.jdks/corretto-16.0.2!/jdk.httpserver" type="simple" />
            <root url="jrt:///home/work/.jdks/corretto-16.0.2!/jdk.incubator.foreign" type="simple" />
            <root url="jrt:///home/work/.jdks/corretto-16.0.2!/jdk.incubator.vector" type="simple" />
            <root url="jrt:///home/work/.jdks/corretto-16.0.2!/jdk.internal.ed" type="simple" />
            <root url="jrt:///home/work/.jdks/corretto-16.0.2!/jdk.internal.jvmstat" type="simple" />
            <root url="jrt:///home/work/.jdks/corretto-16.0.2!/jdk.internal.le" type="simple" />
            <root url="jrt:///home/work/.jdks/corretto-16.0.2!/jdk.internal.opt" type="simple" />
            <root url="jrt:///home/work/.jdks/corretto-16.0.2!/jdk.internal.vm.ci" type="simple" />
            <root url="jrt:///home/work/.jdks/corretto-16.0.2!/jdk.internal.vm.compiler" type="simple" />
            <root url="jrt:///home/work/.jdks/corretto-16.0.2!/jdk.internal.vm.compiler.management" type="simple" />
            <root url="jrt:///home/work/.jdks/corretto-16.0.2!/jdk.jartool" type="simple" />
            <root url="jrt:///home/work/.jdks/corretto-16.0.2!/jdk.javadoc" type="simple" />
            <root url="jrt:///home/work/.jdks/corretto-16.0.2!/jdk.jcmd" type="simple" />
            <root url="jrt:///home/work/.jdks/corretto-16.0.2!/jdk.jconsole" type="simple" />
            <root url="jrt:///home/work/.jdks/corretto-16.0.2!/jdk.jdeps" type="simple" />
            <root url="jrt:///home/work/.jdks/corretto-16.0.2!/jdk.jdi" type="simple" />
            <root url="jrt:///home/work/.jdks/corretto-16.0.2!/jdk.jdwp.agent" type="simple" />
            <root url="jrt:///home/work/.jdks/corretto-16.0.2!/jdk.jfr" type="simple" />
            <root url="jrt:///home/work/.jdks/corretto-16.0.2!/jdk.jlink" type="simple" />
            <root url="jrt:///home/work/.jdks/corretto-16.0.2!/jdk.jpackage" type="simple" />
            <root url="jrt:///home/work/.jdks/corretto-16.0.2!/jdk.jshell" type="simple" />
            <root url="jrt:///home/work/.jdks/corretto-16.0.2!/jdk.jsobject" type="simple" />
            <root url="jrt:///home/work/.jdks/corretto-16.0.2!/jdk.jstatd" type="simple" />
            <root url="jrt:///home/work/.jdks/corretto-16.0.2!/jdk.localedata" type="simple" />
            <root url="jrt:///home/work/.jdks/corretto-16.0.2!/jdk.management" type="simple" />
            <root url="jrt:///home/work/.jdks/corretto-16.0.2!/jdk.management.agent" type="simple" />
            <root url="jrt:///home/work/.jdks/corretto-16.0.2!/jdk.management.jfr" type="simple" />
            <root url="jrt:///home/work/.jdks/corretto-16.0.2!/jdk.naming.dns" type="simple" />
            <root url="jrt:///home/work/.jdks/corretto-16.0.2!/jdk.naming.rmi" type="simple" />
            <root url="jrt:///home/work/.jdks/corretto-16.0.2!/jdk.net" type="simple" />
            <root url="jrt:///home/work/.jdks/corretto-16.0.2!/jdk.nio.mapmode" type="simple" />
            <root url="jrt:///home/work/.jdks/corretto-16.0.2!/jdk.sctp" type="simple" />
            <root url="jrt:///home/work/.jdks/corretto-16.0.2!/jdk.security.auth" type="simple" />
            <root url="jrt:///home/work/.jdks/corretto-16.0.2!/jdk.security.jgss" type="simple" />
            <root url="jrt:///home/work/.jdks/corretto-16.0.2!/jdk.unsupported" type="simple" />
            <root url="jrt:///home/work/.jdks/corretto-16.0.2!/jdk.unsupported.desktop" type="simple" />
            <root url="jrt:///home/work/.jdks/corretto-16.0.2!/jdk.xml.dom" type="simple" />
            <root url="jrt:///home/work/.jdks/corretto-16.0.2!/jdk.zipfs" type="simple" />
          </root>
        </classPath>
        <javadocPath>
          <root type="composite" />
        </javadocPath>
        <sourcePath>
          <root type="composite">
            <root url="jar://$USER_HOME$/.jdks/corretto-16.0.2/lib/src.zip!/java.se" type="simple" />
            <root url="jar://$USER_HOME$/.jdks/corretto-16.0.2/lib/src.zip!/jdk.aot" type="simple" />
            <root url="jar://$USER_HOME$/.jdks/corretto-16.0.2/lib/src.zip!/jdk.jdi" type="simple" />
            <root url="jar://$USER_HOME$/.jdks/corretto-16.0.2/lib/src.zip!/jdk.jfr" type="simple" />
            <root url="jar://$USER_HOME$/.jdks/corretto-16.0.2/lib/src.zip!/jdk.net" type="simple" />
            <root url="jar://$USER_HOME$/.jdks/corretto-16.0.2/lib/src.zip!/java.rmi" type="simple" />
            <root url="jar://$USER_HOME$/.jdks/corretto-16.0.2/lib/src.zip!/java.sql" type="simple" />
            <root url="jar://$USER_HOME$/.jdks/corretto-16.0.2/lib/src.zip!/java.xml" type="simple" />
            <root url="jar://$USER_HOME$/.jdks/corretto-16.0.2/lib/src.zip!/jdk.jcmd" type="simple" />
            <root url="jar://$USER_HOME$/.jdks/corretto-16.0.2/lib/src.zip!/jdk.sctp" type="simple" />
            <root url="jar://$USER_HOME$/.jdks/corretto-16.0.2/lib/src.zip!/java.base" type="simple" />
            <root url="jar://$USER_HOME$/.jdks/corretto-16.0.2/lib/src.zip!/jdk.jdeps" type="simple" />
            <root url="jar://$USER_HOME$/.jdks/corretto-16.0.2/lib/src.zip!/jdk.jlink" type="simple" />
            <root url="jar://$USER_HOME$/.jdks/corretto-16.0.2/lib/src.zip!/jdk.zipfs" type="simple" />
            <root url="jar://$USER_HOME$/.jdks/corretto-16.0.2/lib/src.zip!/java.prefs" type="simple" />
            <root url="jar://$USER_HOME$/.jdks/corretto-16.0.2/lib/src.zip!/jdk.attach" type="simple" />
            <root url="jar://$USER_HOME$/.jdks/corretto-16.0.2/lib/src.zip!/jdk.jshell" type="simple" />
            <root url="jar://$USER_HOME$/.jdks/corretto-16.0.2/lib/src.zip!/jdk.jstatd" type="simple" />
            <root url="jar://$USER_HOME$/.jdks/corretto-16.0.2/lib/src.zip!/java.naming" type="simple" />
            <root url="jar://$USER_HOME$/.jdks/corretto-16.0.2/lib/src.zip!/jdk.editpad" type="simple" />
            <root url="jar://$USER_HOME$/.jdks/corretto-16.0.2/lib/src.zip!/jdk.jartool" type="simple" />
            <root url="jar://$USER_HOME$/.jdks/corretto-16.0.2/lib/src.zip!/jdk.javadoc" type="simple" />
            <root url="jar://$USER_HOME$/.jdks/corretto-16.0.2/lib/src.zip!/jdk.xml.dom" type="simple" />
            <root url="jar://$USER_HOME$/.jdks/corretto-16.0.2/lib/src.zip!/java.desktop" type="simple" />
            <root url="jar://$USER_HOME$/.jdks/corretto-16.0.2/lib/src.zip!/java.logging" type="simple" />
            <root url="jar://$USER_HOME$/.jdks/corretto-16.0.2/lib/src.zip!/jdk.charsets" type="simple" />
            <root url="jar://$USER_HOME$/.jdks/corretto-16.0.2/lib/src.zip!/jdk.compiler" type="simple" />
            <root url="jar://$USER_HOME$/.jdks/corretto-16.0.2/lib/src.zip!/jdk.dynalink" type="simple" />
            <root url="jar://$USER_HOME$/.jdks/corretto-16.0.2/lib/src.zip!/jdk.jconsole" type="simple" />
            <root url="jar://$USER_HOME$/.jdks/corretto-16.0.2/lib/src.zip!/jdk.jpackage" type="simple" />
            <root url="jar://$USER_HOME$/.jdks/corretto-16.0.2/lib/src.zip!/jdk.jsobject" type="simple" />
            <root url="jar://$USER_HOME$/.jdks/corretto-16.0.2/lib/src.zip!/java.compiler" type="simple" />
            <root url="jar://$USER_HOME$/.jdks/corretto-16.0.2/lib/src.zip!/java.net.http" type="simple" />
            <root url="jar://$USER_HOME$/.jdks/corretto-16.0.2/lib/src.zip!/jdk.crypto.ec" type="simple" />
            <root url="jar://$USER_HOME$/.jdks/corretto-16.0.2/lib/src.zip!/java.scripting" type="simple" />
            <root url="jar://$USER_HOME$/.jdks/corretto-16.0.2/lib/src.zip!/jdk.httpserver" type="simple" />
            <root url="jar://$USER_HOME$/.jdks/corretto-16.0.2/lib/src.zip!/jdk.jdwp.agent" type="simple" />
            <root url="jar://$USER_HOME$/.jdks/corretto-16.0.2/lib/src.zip!/jdk.localedata" type="simple" />
            <root url="jar://$USER_HOME$/.jdks/corretto-16.0.2/lib/src.zip!/jdk.management" type="simple" />
            <root url="jar://$USER_HOME$/.jdks/corretto-16.0.2/lib/src.zip!/jdk.naming.dns" type="simple" />
            <root url="jar://$USER_HOME$/.jdks/corretto-16.0.2/lib/src.zip!/jdk.naming.rmi" type="simple" />
            <root url="jar://$USER_HOME$/.jdks/corretto-16.0.2/lib/src.zip!/java.instrument" type="simple" />
            <root url="jar://$USER_HOME$/.jdks/corretto-16.0.2/lib/src.zip!/java.management" type="simple" />
            <root url="jar://$USER_HOME$/.jdks/corretto-16.0.2/lib/src.zip!/java.sql.rowset" type="simple" />
            <root url="jar://$USER_HOME$/.jdks/corretto-16.0.2/lib/src.zip!/java.xml.crypto" type="simple" />
            <root url="jar://$USER_HOME$/.jdks/corretto-16.0.2/lib/src.zip!/jdk.internal.ed" type="simple" />
            <root url="jar://$USER_HOME$/.jdks/corretto-16.0.2/lib/src.zip!/jdk.internal.le" type="simple" />
            <root url="jar://$USER_HOME$/.jdks/corretto-16.0.2/lib/src.zip!/jdk.nio.mapmode" type="simple" />
            <root url="jar://$USER_HOME$/.jdks/corretto-16.0.2/lib/src.zip!/jdk.unsupported" type="simple" />
            <root url="jar://$USER_HOME$/.jdks/corretto-16.0.2/lib/src.zip!/java.smartcardio" type="simple" />
            <root url="jar://$USER_HOME$/.jdks/corretto-16.0.2/lib/src.zip!/jdk.internal.opt" type="simple" />
            <root url="jar://$USER_HOME$/.jdks/corretto-16.0.2/lib/src.zip!/java.datatransfer" type="simple" />
            <root url="jar://$USER_HOME$/.jdks/corretto-16.0.2/lib/src.zip!/jdk.accessibility" type="simple" />
            <root url="jar://$USER_HOME$/.jdks/corretto-16.0.2/lib/src.zip!/jdk.hotspot.agent" type="simple" />
            <root url="jar://$USER_HOME$/.jdks/corretto-16.0.2/lib/src.zip!/jdk.security.auth" type="simple" />
            <root url="jar://$USER_HOME$/.jdks/corretto-16.0.2/lib/src.zip!/jdk.security.jgss" type="simple" />
            <root url="jar://$USER_HOME$/.jdks/corretto-16.0.2/lib/src.zip!/java.security.jgss" type="simple" />
            <root url="jar://$USER_HOME$/.jdks/corretto-16.0.2/lib/src.zip!/java.security.sasl" type="simple" />
            <root url="jar://$USER_HOME$/.jdks/corretto-16.0.2/lib/src.zip!/jdk.internal.vm.ci" type="simple" />
            <root url="jar://$USER_HOME$/.jdks/corretto-16.0.2/lib/src.zip!/jdk.management.jfr" type="simple" />
            <root url="jar://$USER_HOME$/.jdks/corretto-16.0.2/lib/src.zip!/java.management.rmi" type="simple" />
            <root url="jar://$USER_HOME$/.jdks/corretto-16.0.2/lib/src.zip!/java.transaction.xa" type="simple" />
            <root url="jar://$USER_HOME$/.jdks/corretto-16.0.2/lib/src.zip!/jdk.crypto.cryptoki" type="simple" />
            <root url="jar://$USER_HOME$/.jdks/corretto-16.0.2/lib/src.zip!/jdk.incubator.vector" type="simple" />
            <root url="jar://$USER_HOME$/.jdks/corretto-16.0.2/lib/src.zip!/jdk.internal.jvmstat" type="simple" />
            <root url="jar://$USER_HOME$/.jdks/corretto-16.0.2/lib/src.zip!/jdk.management.agent" type="simple" />
            <root url="jar://$USER_HOME$/.jdks/corretto-16.0.2/lib/src.zip!/jdk.incubator.foreign" type="simple" />
            <root url="jar://$USER_HOME$/.jdks/corretto-16.0.2/lib/src.zip!/jdk.unsupported.desktop" type="simple" />
            <root url="jar://$USER_HOME$/.jdks/corretto-16.0.2/lib/src.zip!/jdk.internal.vm.compiler" type="simple" />
            <root url="jar://$USER_HOME$/.jdks/corretto-16.0.2/lib/src.zip!/jdk.internal.vm.compiler.management" type="simple" />
          </root>
        </sourcePath>
      </roots>
      <additional sdk="corretto-16">
        <option name="mySandboxHome" value="$USER_HOME$/.IntelliJIdea2017.3/system/plugins-sandbox" />
      </additional>
    </jdk>
    <jdk version="2">
      <name value="corretto-16" />
      <type value="JavaSDK" />
      <version value="java version &quot;16.0.2&quot;" />
      <homePath value="$USER_HOME$/.jdks/corretto-16.0.2" />
      <roots>
        <annotationsPath>
          <root type="composite">
            <root url="jar://$APPLICATION_HOME_DIR$/plugins/java/lib/jdkAnnotations.jar!/" type="simple" />
          </root>
        </annotationsPath>
        <classPath>
          <root type="composite">
            <root url="jrt:///home/work/.jdks/corretto-16.0.2!/java.base" type="simple" />
            <root url="jrt:///home/work/.jdks/corretto-16.0.2!/java.compiler" type="simple" />
            <root url="jrt:///home/work/.jdks/corretto-16.0.2!/java.datatransfer" type="simple" />
            <root url="jrt:///home/work/.jdks/corretto-16.0.2!/java.desktop" type="simple" />
            <root url="jrt:///home/work/.jdks/corretto-16.0.2!/java.instrument" type="simple" />
            <root url="jrt:///home/work/.jdks/corretto-16.0.2!/java.logging" type="simple" />
            <root url="jrt:///home/work/.jdks/corretto-16.0.2!/java.management" type="simple" />
            <root url="jrt:///home/work/.jdks/corretto-16.0.2!/java.management.rmi" type="simple" />
            <root url="jrt:///home/work/.jdks/corretto-16.0.2!/java.naming" type="simple" />
            <root url="jrt:///home/work/.jdks/corretto-16.0.2!/java.net.http" type="simple" />
            <root url="jrt:///home/work/.jdks/corretto-16.0.2!/java.prefs" type="simple" />
            <root url="jrt:///home/work/.jdks/corretto-16.0.2!/java.rmi" type="simple" />
            <root url="jrt:///home/work/.jdks/corretto-16.0.2!/java.scripting" type="simple" />
            <root url="jrt:///home/work/.jdks/corretto-16.0.2!/java.se" type="simple" />
            <root url="jrt:///home/work/.jdks/corretto-16.0.2!/java.security.jgss" type="simple" />
            <root url="jrt:///home/work/.jdks/corretto-16.0.2!/java.security.sasl" type="simple" />
            <root url="jrt:///home/work/.jdks/corretto-16.0.2!/java.smartcardio" type="simple" />
            <root url="jrt:///home/work/.jdks/corretto-16.0.2!/java.sql" type="simple" />
            <root url="jrt:///home/work/.jdks/corretto-16.0.2!/java.sql.rowset" type="simple" />
            <root url="jrt:///home/work/.jdks/corretto-16.0.2!/java.transaction.xa" type="simple" />
            <root url="jrt:///home/work/.jdks/corretto-16.0.2!/java.xml" type="simple" />
            <root url="jrt:///home/work/.jdks/corretto-16.0.2!/java.xml.crypto" type="simple" />
            <root url="jrt:///home/work/.jdks/corretto-16.0.2!/jdk.accessibility" type="simple" />
            <root url="jrt:///home/work/.jdks/corretto-16.0.2!/jdk.aot" type="simple" />
            <root url="jrt:///home/work/.jdks/corretto-16.0.2!/jdk.attach" type="simple" />
            <root url="jrt:///home/work/.jdks/corretto-16.0.2!/jdk.charsets" type="simple" />
            <root url="jrt:///home/work/.jdks/corretto-16.0.2!/jdk.compiler" type="simple" />
            <root url="jrt:///home/work/.jdks/corretto-16.0.2!/jdk.crypto.cryptoki" type="simple" />
            <root url="jrt:///home/work/.jdks/corretto-16.0.2!/jdk.crypto.ec" type="simple" />
            <root url="jrt:///home/work/.jdks/corretto-16.0.2!/jdk.dynalink" type="simple" />
            <root url="jrt:///home/work/.jdks/corretto-16.0.2!/jdk.editpad" type="simple" />
            <root url="jrt:///home/work/.jdks/corretto-16.0.2!/jdk.hotspot.agent" type="simple" />
            <root url="jrt:///home/work/.jdks/corretto-16.0.2!/jdk.httpserver" type="simple" />
            <root url="jrt:///home/work/.jdks/corretto-16.0.2!/jdk.incubator.foreign" type="simple" />
            <root url="jrt:///home/work/.jdks/corretto-16.0.2!/jdk.incubator.vector" type="simple" />
            <root url="jrt:///home/work/.jdks/corretto-16.0.2!/jdk.internal.ed" type="simple" />
            <root url="jrt:///home/work/.jdks/corretto-16.0.2!/jdk.internal.jvmstat" type="simple" />
            <root url="jrt:///home/work/.jdks/corretto-16.0.2!/jdk.internal.le" type="simple" />
            <root url="jrt:///home/work/.jdks/corretto-16.0.2!/jdk.internal.opt" type="simple" />
            <root url="jrt:///home/work/.jdks/corretto-16.0.2!/jdk.internal.vm.ci" type="simple" />
            <root url="jrt:///home/work/.jdks/corretto-16.0.2!/jdk.internal.vm.compiler" type="simple" />
            <root url="jrt:///home/work/.jdks/corretto-16.0.2!/jdk.internal.vm.compiler.management" type="simple" />
            <root url="jrt:///home/work/.jdks/corretto-16.0.2!/jdk.jartool" type="simple" />
            <root url="jrt:///home/work/.jdks/corretto-16.0.2!/jdk.javadoc" type="simple" />
            <root url="jrt:///home/work/.jdks/corretto-16.0.2!/jdk.jcmd" type="simple" />
            <root url="jrt:///home/work/.jdks/corretto-16.0.2!/jdk.jconsole" type="simple" />
            <root url="jrt:///home/work/.jdks/corretto-16.0.2!/jdk.jdeps" type="simple" />
            <root url="jrt:///home/work/.jdks/corretto-16.0.2!/jdk.jdi" type="simple" />
            <root url="jrt:///home/work/.jdks/corretto-16.0.2!/jdk.jdwp.agent" type="simple" />
            <root url="jrt:///home/work/.jdks/corretto-16.0.2!/jdk.jfr" type="simple" />
            <root url="jrt:///home/work/.jdks/corretto-16.0.2!/jdk.jlink" type="simple" />
            <root url="jrt:///home/work/.jdks/corretto-16.0.2!/jdk.jpackage" type="simple" />
            <root url="jrt:///home/work/.jdks/corretto-16.0.2!/jdk.jshell" type="simple" />
            <root url="jrt:///home/work/.jdks/corretto-16.0.2!/jdk.jsobject" type="simple" />
            <root url="jrt:///home/work/.jdks/corretto-16.0.2!/jdk.jstatd" type="simple" />
            <root url="jrt:///home/work/.jdks/corretto-16.0.2!/jdk.localedata" type="simple" />
            <root url="jrt:///home/work/.jdks/corretto-16.0.2!/jdk.management" type="simple" />
            <root url="jrt:///home/work/.jdks/corretto-16.0.2!/jdk.management.agent" type="simple" />
            <root url="jrt:///home/work/.jdks/corretto-16.0.2!/jdk.management.jfr" type="simple" />
            <root url="jrt:///home/work/.jdks/corretto-16.0.2!/jdk.naming.dns" type="simple" />
            <root url="jrt:///home/work/.jdks/corretto-16.0.2!/jdk.naming.rmi" type="simple" />
            <root url="jrt:///home/work/.jdks/corretto-16.0.2!/jdk.net" type="simple" />
            <root url="jrt:///home/work/.jdks/corretto-16.0.2!/jdk.nio.mapmode" type="simple" />
            <root url="jrt:///home/work/.jdks/corretto-16.0.2!/jdk.sctp" type="simple" />
            <root url="jrt:///home/work/.jdks/corretto-16.0.2!/jdk.security.auth" type="simple" />
            <root url="jrt:///home/work/.jdks/corretto-16.0.2!/jdk.security.jgss" type="simple" />
            <root url="jrt:///home/work/.jdks/corretto-16.0.2!/jdk.unsupported" type="simple" />
            <root url="jrt:///home/work/.jdks/corretto-16.0.2!/jdk.unsupported.desktop" type="simple" />
            <root url="jrt:///home/work/.jdks/corretto-16.0.2!/jdk.xml.dom" type="simple" />
            <root url="jrt:///home/work/.jdks/corretto-16.0.2!/jdk.zipfs" type="simple" />
          </root>
        </classPath>
        <javadocPath>
          <root type="composite" />
        </javadocPath>
        <sourcePath>
          <root type="composite">
            <root url="jar://$USER_HOME$/.jdks/corretto-16.0.2/lib/src.zip!/java.se" type="simple" />
            <root url="jar://$USER_HOME$/.jdks/corretto-16.0.2/lib/src.zip!/jdk.aot" type="simple" />
            <root url="jar://$USER_HOME$/.jdks/corretto-16.0.2/lib/src.zip!/jdk.jdi" type="simple" />
            <root url="jar://$USER_HOME$/.jdks/corretto-16.0.2/lib/src.zip!/jdk.jfr" type="simple" />
            <root url="jar://$USER_HOME$/.jdks/corretto-16.0.2/lib/src.zip!/jdk.net" type="simple" />
            <root url="jar://$USER_HOME$/.jdks/corretto-16.0.2/lib/src.zip!/java.rmi" type="simple" />
            <root url="jar://$USER_HOME$/.jdks/corretto-16.0.2/lib/src.zip!/java.sql" type="simple" />
            <root url="jar://$USER_HOME$/.jdks/corretto-16.0.2/lib/src.zip!/java.xml" type="simple" />
            <root url="jar://$USER_HOME$/.jdks/corretto-16.0.2/lib/src.zip!/jdk.jcmd" type="simple" />
            <root url="jar://$USER_HOME$/.jdks/corretto-16.0.2/lib/src.zip!/jdk.sctp" type="simple" />
            <root url="jar://$USER_HOME$/.jdks/corretto-16.0.2/lib/src.zip!/java.base" type="simple" />
            <root url="jar://$USER_HOME$/.jdks/corretto-16.0.2/lib/src.zip!/jdk.jdeps" type="simple" />
            <root url="jar://$USER_HOME$/.jdks/corretto-16.0.2/lib/src.zip!/jdk.jlink" type="simple" />
            <root url="jar://$USER_HOME$/.jdks/corretto-16.0.2/lib/src.zip!/jdk.zipfs" type="simple" />
            <root url="jar://$USER_HOME$/.jdks/corretto-16.0.2/lib/src.zip!/java.prefs" type="simple" />
            <root url="jar://$USER_HOME$/.jdks/corretto-16.0.2/lib/src.zip!/jdk.attach" type="simple" />
            <root url="jar://$USER_HOME$/.jdks/corretto-16.0.2/lib/src.zip!/jdk.jshell" type="simple" />
            <root url="jar://$USER_HOME$/.jdks/corretto-16.0.2/lib/src.zip!/jdk.jstatd" type="simple" />
            <root url="jar://$USER_HOME$/.jdks/corretto-16.0.2/lib/src.zip!/java.naming" type="simple" />
            <root url="jar://$USER_HOME$/.jdks/corretto-16.0.2/lib/src.zip!/jdk.editpad" type="simple" />
            <root url="jar://$USER_HOME$/.jdks/corretto-16.0.2/lib/src.zip!/jdk.jartool" type="simple" />
            <root url="jar://$USER_HOME$/.jdks/corretto-16.0.2/lib/src.zip!/jdk.javadoc" type="simple" />
            <root url="jar://$USER_HOME$/.jdks/corretto-16.0.2/lib/src.zip!/jdk.xml.dom" type="simple" />
            <root url="jar://$USER_HOME$/.jdks/corretto-16.0.2/lib/src.zip!/java.desktop" type="simple" />
            <root url="jar://$USER_HOME$/.jdks/corretto-16.0.2/lib/src.zip!/java.logging" type="simple" />
            <root url="jar://$USER_HOME$/.jdks/corretto-16.0.2/lib/src.zip!/jdk.charsets" type="simple" />
            <root url="jar://$USER_HOME$/.jdks/corretto-16.0.2/lib/src.zip!/jdk.compiler" type="simple" />
            <root url="jar://$USER_HOME$/.jdks/corretto-16.0.2/lib/src.zip!/jdk.dynalink" type="simple" />
            <root url="jar://$USER_HOME$/.jdks/corretto-16.0.2/lib/src.zip!/jdk.jconsole" type="simple" />
            <root url="jar://$USER_HOME$/.jdks/corretto-16.0.2/lib/src.zip!/jdk.jpackage" type="simple" />
            <root url="jar://$USER_HOME$/.jdks/corretto-16.0.2/lib/src.zip!/jdk.jsobject" type="simple" />
            <root url="jar://$USER_HOME$/.jdks/corretto-16.0.2/lib/src.zip!/java.compiler" type="simple" />
            <root url="jar://$USER_HOME$/.jdks/corretto-16.0.2/lib/src.zip!/java.net.http" type="simple" />
            <root url="jar://$USER_HOME$/.jdks/corretto-16.0.2/lib/src.zip!/jdk.crypto.ec" type="simple" />
            <root url="jar://$USER_HOME$/.jdks/corretto-16.0.2/lib/src.zip!/java.scripting" type="simple" />
            <root url="jar://$USER_HOME$/.jdks/corretto-16.0.2/lib/src.zip!/jdk.httpserver" type="simple" />
            <root url="jar://$USER_HOME$/.jdks/corretto-16.0.2/lib/src.zip!/jdk.jdwp.agent" type="simple" />
            <root url="jar://$USER_HOME$/.jdks/corretto-16.0.2/lib/src.zip!/jdk.localedata" type="simple" />
            <root url="jar://$USER_HOME$/.jdks/corretto-16.0.2/lib/src.zip!/jdk.management" type="simple" />
            <root url="jar://$USER_HOME$/.jdks/corretto-16.0.2/lib/src.zip!/jdk.naming.dns" type="simple" />
            <root url="jar://$USER_HOME$/.jdks/corretto-16.0.2/lib/src.zip!/jdk.naming.rmi" type="simple" />
            <root url="jar://$USER_HOME$/.jdks/corretto-16.0.2/lib/src.zip!/java.instrument" type="simple" />
            <root url="jar://$USER_HOME$/.jdks/corretto-16.0.2/lib/src.zip!/java.management" type="simple" />
            <root url="jar://$USER_HOME$/.jdks/corretto-16.0.2/lib/src.zip!/java.sql.rowset" type="simple" />
            <root url="jar://$USER_HOME$/.jdks/corretto-16.0.2/lib/src.zip!/java.xml.crypto" type="simple" />
            <root url="jar://$USER_HOME$/.jdks/corretto-16.0.2/lib/src.zip!/jdk.internal.ed" type="simple" />
            <root url="jar://$USER_HOME$/.jdks/corretto-16.0.2/lib/src.zip!/jdk.internal.le" type="simple" />
            <root url="jar://$USER_HOME$/.jdks/corretto-16.0.2/lib/src.zip!/jdk.nio.mapmode" type="simple" />
            <root url="jar://$USER_HOME$/.jdks/corretto-16.0.2/lib/src.zip!/jdk.unsupported" type="simple" />
            <root url="jar://$USER_HOME$/.jdks/corretto-16.0.2/lib/src.zip!/java.smartcardio" type="simple" />
            <root url="jar://$USER_HOME$/.jdks/corretto-16.0.2/lib/src.zip!/jdk.internal.opt" type="simple" />
            <root url="jar://$USER_HOME$/.jdks/corretto-16.0.2/lib/src.zip!/java.datatransfer" type="simple" />
            <root url="jar://$USER_HOME$/.jdks/corretto-16.0.2/lib/src.zip!/jdk.accessibility" type="simple" />
            <root url="jar://$USER_HOME$/.jdks/corretto-16.0.2/lib/src.zip!/jdk.hotspot.agent" type="simple" />
            <root url="jar://$USER_HOME$/.jdks/corretto-16.0.2/lib/src.zip!/jdk.security.auth" type="simple" />
            <root url="jar://$USER_HOME$/.jdks/corretto-16.0.2/lib/src.zip!/jdk.security.jgss" type="simple" />
            <root url="jar://$USER_HOME$/.jdks/corretto-16.0.2/lib/src.zip!/java.security.jgss" type="simple" />
            <root url="jar://$USER_HOME$/.jdks/corretto-16.0.2/lib/src.zip!/java.security.sasl" type="simple" />
            <root url="jar://$USER_HOME$/.jdks/corretto-16.0.2/lib/src.zip!/jdk.internal.vm.ci" type="simple" />
            <root url="jar://$USER_HOME$/.jdks/corretto-16.0.2/lib/src.zip!/jdk.management.jfr" type="simple" />
            <root url="jar://$USER_HOME$/.jdks/corretto-16.0.2/lib/src.zip!/java.management.rmi" type="simple" />
            <root url="jar://$USER_HOME$/.jdks/corretto-16.0.2/lib/src.zip!/java.transaction.xa" type="simple" />
            <root url="jar://$USER_HOME$/.jdks/corretto-16.0.2/lib/src.zip!/jdk.crypto.cryptoki" type="simple" />
            <root url="jar://$USER_HOME$/.jdks/corretto-16.0.2/lib/src.zip!/jdk.incubator.vector" type="simple" />
            <root url="jar://$USER_HOME$/.jdks/corretto-16.0.2/lib/src.zip!/jdk.internal.jvmstat" type="simple" />
            <root url="jar://$USER_HOME$/.jdks/corretto-16.0.2/lib/src.zip!/jdk.management.agent" type="simple" />
            <root url="jar://$USER_HOME$/.jdks/corretto-16.0.2/lib/src.zip!/jdk.incubator.foreign" type="simple" />
            <root url="jar://$USER_HOME$/.jdks/corretto-16.0.2/lib/src.zip!/jdk.unsupported.desktop" type="simple" />
            <root url="jar://$USER_HOME$/.jdks/corretto-16.0.2/lib/src.zip!/jdk.internal.vm.compiler" type="simple" />
            <root url="jar://$USER_HOME$/.jdks/corretto-16.0.2/lib/src.zip!/jdk.internal.vm.compiler.management" type="simple" />
          </root>
        </sourcePath>
      </roots>
      <additional />
    </jdk>
    <jdk version="2">
      <name value="Kotlin SDK" />
      <type value="KotlinSDK" />
      <version value="1.5.31-release-546" />
      <homePath value="$KOTLIN_BUNDLED$" />
      <roots>
        <annotationsPath>
          <root type="composite" />
        </annotationsPath>
        <classPath>
          <root type="composite" />
        </classPath>
        <javadocPath>
          <root type="composite" />
        </javadocPath>
        <sourcePath>
          <root type="composite" />
        </sourcePath>
      </roots>
      <additional />
    </jdk>
    <jdk version="2">
      <name value="17" />
      <type value="JavaSDK" />
      <version value="version 17" />
      <homePath value="/usr/lib/jvm/java-17-openjdk" />
      <roots>
        <annotationsPath>
          <root type="composite">
            <root url="jar://$APPLICATION_HOME_DIR$/plugins/java/lib/jdkAnnotations.jar!/" type="simple" />
          </root>
        </annotationsPath>
        <classPath>
          <root type="composite">
            <root url="jrt:///usr/lib/jvm/java-17-openjdk!/java.base" type="simple" />
            <root url="jrt:///usr/lib/jvm/java-17-openjdk!/java.compiler" type="simple" />
            <root url="jrt:///usr/lib/jvm/java-17-openjdk!/java.datatransfer" type="simple" />
            <root url="jrt:///usr/lib/jvm/java-17-openjdk!/java.desktop" type="simple" />
            <root url="jrt:///usr/lib/jvm/java-17-openjdk!/java.instrument" type="simple" />
            <root url="jrt:///usr/lib/jvm/java-17-openjdk!/java.logging" type="simple" />
            <root url="jrt:///usr/lib/jvm/java-17-openjdk!/java.management" type="simple" />
            <root url="jrt:///usr/lib/jvm/java-17-openjdk!/java.management.rmi" type="simple" />
            <root url="jrt:///usr/lib/jvm/java-17-openjdk!/java.naming" type="simple" />
            <root url="jrt:///usr/lib/jvm/java-17-openjdk!/java.net.http" type="simple" />
            <root url="jrt:///usr/lib/jvm/java-17-openjdk!/java.prefs" type="simple" />
            <root url="jrt:///usr/lib/jvm/java-17-openjdk!/java.rmi" type="simple" />
            <root url="jrt:///usr/lib/jvm/java-17-openjdk!/java.scripting" type="simple" />
            <root url="jrt:///usr/lib/jvm/java-17-openjdk!/java.se" type="simple" />
            <root url="jrt:///usr/lib/jvm/java-17-openjdk!/java.security.jgss" type="simple" />
            <root url="jrt:///usr/lib/jvm/java-17-openjdk!/java.security.sasl" type="simple" />
            <root url="jrt:///usr/lib/jvm/java-17-openjdk!/java.smartcardio" type="simple" />
            <root url="jrt:///usr/lib/jvm/java-17-openjdk!/java.sql" type="simple" />
            <root url="jrt:///usr/lib/jvm/java-17-openjdk!/java.sql.rowset" type="simple" />
            <root url="jrt:///usr/lib/jvm/java-17-openjdk!/java.transaction.xa" type="simple" />
            <root url="jrt:///usr/lib/jvm/java-17-openjdk!/java.xml" type="simple" />
            <root url="jrt:///usr/lib/jvm/java-17-openjdk!/java.xml.crypto" type="simple" />
            <root url="jrt:///usr/lib/jvm/java-17-openjdk!/jdk.accessibility" type="simple" />
            <root url="jrt:///usr/lib/jvm/java-17-openjdk!/jdk.attach" type="simple" />
            <root url="jrt:///usr/lib/jvm/java-17-openjdk!/jdk.charsets" type="simple" />
            <root url="jrt:///usr/lib/jvm/java-17-openjdk!/jdk.compiler" type="simple" />
            <root url="jrt:///usr/lib/jvm/java-17-openjdk!/jdk.crypto.cryptoki" type="simple" />
            <root url="jrt:///usr/lib/jvm/java-17-openjdk!/jdk.crypto.ec" type="simple" />
            <root url="jrt:///usr/lib/jvm/java-17-openjdk!/jdk.dynalink" type="simple" />
            <root url="jrt:///usr/lib/jvm/java-17-openjdk!/jdk.editpad" type="simple" />
            <root url="jrt:///usr/lib/jvm/java-17-openjdk!/jdk.hotspot.agent" type="simple" />
            <root url="jrt:///usr/lib/jvm/java-17-openjdk!/jdk.httpserver" type="simple" />
            <root url="jrt:///usr/lib/jvm/java-17-openjdk!/jdk.incubator.foreign" type="simple" />
            <root url="jrt:///usr/lib/jvm/java-17-openjdk!/jdk.incubator.vector" type="simple" />
            <root url="jrt:///usr/lib/jvm/java-17-openjdk!/jdk.internal.ed" type="simple" />
            <root url="jrt:///usr/lib/jvm/java-17-openjdk!/jdk.internal.jvmstat" type="simple" />
            <root url="jrt:///usr/lib/jvm/java-17-openjdk!/jdk.internal.le" type="simple" />
            <root url="jrt:///usr/lib/jvm/java-17-openjdk!/jdk.internal.opt" type="simple" />
            <root url="jrt:///usr/lib/jvm/java-17-openjdk!/jdk.internal.vm.ci" type="simple" />
            <root url="jrt:///usr/lib/jvm/java-17-openjdk!/jdk.internal.vm.compiler" type="simple" />
            <root url="jrt:///usr/lib/jvm/java-17-openjdk!/jdk.internal.vm.compiler.management" type="simple" />
            <root url="jrt:///usr/lib/jvm/java-17-openjdk!/jdk.jartool" type="simple" />
            <root url="jrt:///usr/lib/jvm/java-17-openjdk!/jdk.javadoc" type="simple" />
            <root url="jrt:///usr/lib/jvm/java-17-openjdk!/jdk.jcmd" type="simple" />
            <root url="jrt:///usr/lib/jvm/java-17-openjdk!/jdk.jconsole" type="simple" />
            <root url="jrt:///usr/lib/jvm/java-17-openjdk!/jdk.jdeps" type="simple" />
            <root url="jrt:///usr/lib/jvm/java-17-openjdk!/jdk.jdi" type="simple" />
            <root url="jrt:///usr/lib/jvm/java-17-openjdk!/jdk.jdwp.agent" type="simple" />
            <root url="jrt:///usr/lib/jvm/java-17-openjdk!/jdk.jfr" type="simple" />
            <root url="jrt:///usr/lib/jvm/java-17-openjdk!/jdk.jlink" type="simple" />
            <root url="jrt:///usr/lib/jvm/java-17-openjdk!/jdk.jpackage" type="simple" />
            <root url="jrt:///usr/lib/jvm/java-17-openjdk!/jdk.jshell" type="simple" />
            <root url="jrt:///usr/lib/jvm/java-17-openjdk!/jdk.jsobject" type="simple" />
            <root url="jrt:///usr/lib/jvm/java-17-openjdk!/jdk.jstatd" type="simple" />
            <root url="jrt:///usr/lib/jvm/java-17-openjdk!/jdk.localedata" type="simple" />
            <root url="jrt:///usr/lib/jvm/java-17-openjdk!/jdk.management" type="simple" />
            <root url="jrt:///usr/lib/jvm/java-17-openjdk!/jdk.management.agent" type="simple" />
            <root url="jrt:///usr/lib/jvm/java-17-openjdk!/jdk.management.jfr" type="simple" />
            <root url="jrt:///usr/lib/jvm/java-17-openjdk!/jdk.naming.dns" type="simple" />
            <root url="jrt:///usr/lib/jvm/java-17-openjdk!/jdk.naming.rmi" type="simple" />
            <root url="jrt:///usr/lib/jvm/java-17-openjdk!/jdk.net" type="simple" />
            <root url="jrt:///usr/lib/jvm/java-17-openjdk!/jdk.nio.mapmode" type="simple" />
            <root url="jrt:///usr/lib/jvm/java-17-openjdk!/jdk.random" type="simple" />
            <root url="jrt:///usr/lib/jvm/java-17-openjdk!/jdk.sctp" type="simple" />
            <root url="jrt:///usr/lib/jvm/java-17-openjdk!/jdk.security.auth" type="simple" />
            <root url="jrt:///usr/lib/jvm/java-17-openjdk!/jdk.security.jgss" type="simple" />
            <root url="jrt:///usr/lib/jvm/java-17-openjdk!/jdk.unsupported" type="simple" />
            <root url="jrt:///usr/lib/jvm/java-17-openjdk!/jdk.unsupported.desktop" type="simple" />
            <root url="jrt:///usr/lib/jvm/java-17-openjdk!/jdk.xml.dom" type="simple" />
            <root url="jrt:///usr/lib/jvm/java-17-openjdk!/jdk.zipfs" type="simple" />
          </root>
        </classPath>
        <javadocPath>
          <root type="composite">
            <root url="https://download.java.net/java/early_access/jdk17/docs/api/" type="simple" />
          </root>
        </javadocPath>
        <sourcePath>
          <root type="composite" />
        </sourcePath>
      </roots>
      <additional />
    </jdk>
    <jdk version="2">
      <name value="1.8" />
      <type value="JavaSDK" />
      <version value="version 1.8.0_292" />
      <homePath value="/usr/lib/jvm/java-8-openjdk" />
      <roots>
        <annotationsPath>
          <root type="composite">
            <root url="jar://$APPLICATION_HOME_DIR$/plugins/java/lib/jdkAnnotations.jar!/" type="simple" />
          </root>
        </annotationsPath>
        <classPath>
          <root type="composite">
            <root url="jar:///usr/lib/jvm/java-8-openjdk/jre/lib/charsets.jar!/" type="simple" />
            <root url="jar:///usr/lib/jvm/java-8-openjdk/jre/lib/ext/cldrdata.jar!/" type="simple" />
            <root url="jar:///usr/lib/jvm/java-8-openjdk/jre/lib/ext/dnsns.jar!/" type="simple" />
            <root url="jar:///usr/lib/jvm/java-8-openjdk/jre/lib/ext/jaccess.jar!/" type="simple" />
            <root url="jar:///usr/lib/jvm/java-8-openjdk/jre/lib/ext/localedata.jar!/" type="simple" />
            <root url="jar:///usr/lib/jvm/java-8-openjdk/jre/lib/ext/nashorn.jar!/" type="simple" />
            <root url="jar:///usr/lib/jvm/java-8-openjdk/jre/lib/ext/sunec.jar!/" type="simple" />
            <root url="jar:///usr/lib/jvm/java-8-openjdk/jre/lib/ext/sunjce_provider.jar!/" type="simple" />
            <root url="jar:///usr/lib/jvm/java-8-openjdk/jre/lib/ext/sunpkcs11.jar!/" type="simple" />
            <root url="jar:///usr/lib/jvm/java-8-openjdk/jre/lib/ext/zipfs.jar!/" type="simple" />
            <root url="jar:///usr/lib/jvm/java-8-openjdk/jre/lib/jce.jar!/" type="simple" />
            <root url="jar:///usr/lib/jvm/java-8-openjdk/jre/lib/jfr.jar!/" type="simple" />
            <root url="jar:///usr/lib/jvm/java-8-openjdk/jre/lib/jsse.jar!/" type="simple" />
            <root url="jar:///usr/lib/jvm/java-8-openjdk/jre/lib/management-agent.jar!/" type="simple" />
            <root url="jar:///usr/lib/jvm/java-8-openjdk/jre/lib/resources.jar!/" type="simple" />
            <root url="jar:///usr/lib/jvm/java-8-openjdk/jre/lib/rt.jar!/" type="simple" />
          </root>
        </classPath>
        <javadocPath>
          <root type="composite">
            <root url="https://docs.oracle.com/javase/8/docs/api/" type="simple" />
          </root>
        </javadocPath>
        <sourcePath>
          <root type="composite" />
        </sourcePath>
      </roots>
      <additional />
    </jdk>
    <jdk version="2">
      <name value="11" />
      <type value="JavaSDK" />
      <version value="version 11.0.12" />
      <homePath value="/usr/lib/jvm/java-11-openjdk" />
      <roots>
        <annotationsPath>
          <root type="composite">
            <root url="jar://$APPLICATION_HOME_DIR$/plugins/java/lib/jdkAnnotations.jar!/" type="simple" />
          </root>
        </annotationsPath>
        <classPath>
          <root type="composite">
            <root url="jrt:///usr/lib/jvm/java-11-openjdk!/java.base" type="simple" />
            <root url="jrt:///usr/lib/jvm/java-11-openjdk!/java.compiler" type="simple" />
            <root url="jrt:///usr/lib/jvm/java-11-openjdk!/java.datatransfer" type="simple" />
            <root url="jrt:///usr/lib/jvm/java-11-openjdk!/java.desktop" type="simple" />
            <root url="jrt:///usr/lib/jvm/java-11-openjdk!/java.instrument" type="simple" />
            <root url="jrt:///usr/lib/jvm/java-11-openjdk!/java.logging" type="simple" />
            <root url="jrt:///usr/lib/jvm/java-11-openjdk!/java.management" type="simple" />
            <root url="jrt:///usr/lib/jvm/java-11-openjdk!/java.management.rmi" type="simple" />
            <root url="jrt:///usr/lib/jvm/java-11-openjdk!/java.naming" type="simple" />
            <root url="jrt:///usr/lib/jvm/java-11-openjdk!/java.net.http" type="simple" />
            <root url="jrt:///usr/lib/jvm/java-11-openjdk!/java.prefs" type="simple" />
            <root url="jrt:///usr/lib/jvm/java-11-openjdk!/java.rmi" type="simple" />
            <root url="jrt:///usr/lib/jvm/java-11-openjdk!/java.scripting" type="simple" />
            <root url="jrt:///usr/lib/jvm/java-11-openjdk!/java.se" type="simple" />
            <root url="jrt:///usr/lib/jvm/java-11-openjdk!/java.security.jgss" type="simple" />
            <root url="jrt:///usr/lib/jvm/java-11-openjdk!/java.security.sasl" type="simple" />
            <root url="jrt:///usr/lib/jvm/java-11-openjdk!/java.smartcardio" type="simple" />
            <root url="jrt:///usr/lib/jvm/java-11-openjdk!/java.sql" type="simple" />
            <root url="jrt:///usr/lib/jvm/java-11-openjdk!/java.sql.rowset" type="simple" />
            <root url="jrt:///usr/lib/jvm/java-11-openjdk!/java.transaction.xa" type="simple" />
            <root url="jrt:///usr/lib/jvm/java-11-openjdk!/java.xml" type="simple" />
            <root url="jrt:///usr/lib/jvm/java-11-openjdk!/java.xml.crypto" type="simple" />
            <root url="jrt:///usr/lib/jvm/java-11-openjdk!/jdk.accessibility" type="simple" />
            <root url="jrt:///usr/lib/jvm/java-11-openjdk!/jdk.aot" type="simple" />
            <root url="jrt:///usr/lib/jvm/java-11-openjdk!/jdk.attach" type="simple" />
            <root url="jrt:///usr/lib/jvm/java-11-openjdk!/jdk.charsets" type="simple" />
            <root url="jrt:///usr/lib/jvm/java-11-openjdk!/jdk.compiler" type="simple" />
            <root url="jrt:///usr/lib/jvm/java-11-openjdk!/jdk.crypto.cryptoki" type="simple" />
            <root url="jrt:///usr/lib/jvm/java-11-openjdk!/jdk.crypto.ec" type="simple" />
            <root url="jrt:///usr/lib/jvm/java-11-openjdk!/jdk.dynalink" type="simple" />
            <root url="jrt:///usr/lib/jvm/java-11-openjdk!/jdk.editpad" type="simple" />
            <root url="jrt:///usr/lib/jvm/java-11-openjdk!/jdk.hotspot.agent" type="simple" />
            <root url="jrt:///usr/lib/jvm/java-11-openjdk!/jdk.httpserver" type="simple" />
            <root url="jrt:///usr/lib/jvm/java-11-openjdk!/jdk.internal.ed" type="simple" />
            <root url="jrt:///usr/lib/jvm/java-11-openjdk!/jdk.internal.jvmstat" type="simple" />
            <root url="jrt:///usr/lib/jvm/java-11-openjdk!/jdk.internal.le" type="simple" />
            <root url="jrt:///usr/lib/jvm/java-11-openjdk!/jdk.internal.opt" type="simple" />
            <root url="jrt:///usr/lib/jvm/java-11-openjdk!/jdk.internal.vm.ci" type="simple" />
            <root url="jrt:///usr/lib/jvm/java-11-openjdk!/jdk.internal.vm.compiler" type="simple" />
            <root url="jrt:///usr/lib/jvm/java-11-openjdk!/jdk.internal.vm.compiler.management" type="simple" />
            <root url="jrt:///usr/lib/jvm/java-11-openjdk!/jdk.jartool" type="simple" />
            <root url="jrt:///usr/lib/jvm/java-11-openjdk!/jdk.javadoc" type="simple" />
            <root url="jrt:///usr/lib/jvm/java-11-openjdk!/jdk.jcmd" type="simple" />
            <root url="jrt:///usr/lib/jvm/java-11-openjdk!/jdk.jconsole" type="simple" />
            <root url="jrt:///usr/lib/jvm/java-11-openjdk!/jdk.jdeps" type="simple" />
            <root url="jrt:///usr/lib/jvm/java-11-openjdk!/jdk.jdi" type="simple" />
            <root url="jrt:///usr/lib/jvm/java-11-openjdk!/jdk.jdwp.agent" type="simple" />
            <root url="jrt:///usr/lib/jvm/java-11-openjdk!/jdk.jfr" type="simple" />
            <root url="jrt:///usr/lib/jvm/java-11-openjdk!/jdk.jlink" type="simple" />
            <root url="jrt:///usr/lib/jvm/java-11-openjdk!/jdk.jshell" type="simple" />
            <root url="jrt:///usr/lib/jvm/java-11-openjdk!/jdk.jsobject" type="simple" />
            <root url="jrt:///usr/lib/jvm/java-11-openjdk!/jdk.jstatd" type="simple" />
            <root url="jrt:///usr/lib/jvm/java-11-openjdk!/jdk.localedata" type="simple" />
            <root url="jrt:///usr/lib/jvm/java-11-openjdk!/jdk.management" type="simple" />
            <root url="jrt:///usr/lib/jvm/java-11-openjdk!/jdk.management.agent" type="simple" />
            <root url="jrt:///usr/lib/jvm/java-11-openjdk!/jdk.management.jfr" type="simple" />
            <root url="jrt:///usr/lib/jvm/java-11-openjdk!/jdk.naming.dns" type="simple" />
            <root url="jrt:///usr/lib/jvm/java-11-openjdk!/jdk.naming.ldap" type="simple" />
            <root url="jrt:///usr/lib/jvm/java-11-openjdk!/jdk.naming.rmi" type="simple" />
            <root url="jrt:///usr/lib/jvm/java-11-openjdk!/jdk.net" type="simple" />
            <root url="jrt:///usr/lib/jvm/java-11-openjdk!/jdk.pack" type="simple" />
            <root url="jrt:///usr/lib/jvm/java-11-openjdk!/jdk.rmic" type="simple" />
            <root url="jrt:///usr/lib/jvm/java-11-openjdk!/jdk.scripting.nashorn" type="simple" />
            <root url="jrt:///usr/lib/jvm/java-11-openjdk!/jdk.scripting.nashorn.shell" type="simple" />
            <root url="jrt:///usr/lib/jvm/java-11-openjdk!/jdk.sctp" type="simple" />
            <root url="jrt:///usr/lib/jvm/java-11-openjdk!/jdk.security.auth" type="simple" />
            <root url="jrt:///usr/lib/jvm/java-11-openjdk!/jdk.security.jgss" type="simple" />
            <root url="jrt:///usr/lib/jvm/java-11-openjdk!/jdk.unsupported" type="simple" />
            <root url="jrt:///usr/lib/jvm/java-11-openjdk!/jdk.unsupported.desktop" type="simple" />
            <root url="jrt:///usr/lib/jvm/java-11-openjdk!/jdk.xml.dom" type="simple" />
            <root url="jrt:///usr/lib/jvm/java-11-openjdk!/jdk.zipfs" type="simple" />
          </root>
        </classPath>
        <javadocPath>
          <root type="composite">
            <root url="https://docs.oracle.com/en/java/javase/11/docs/api/" type="simple" />
          </root>
        </javadocPath>
        <sourcePath>
          <root type="composite" />
        </sourcePath>
      </roots>
      <additional />
    </jdk>
    <jdk version="2">
      <name value="Android API 31 Platform" />
      <type value="Android SDK" />
      <version value="version 11.0.12" />
      <homePath value="$USER_HOME$/.disks/hdd/android-sdk" />
      <roots>
        <annotationsPath>
          <root type="composite">
            <root url="jar://$USER_HOME$/.disks/hdd/android-sdk/platforms/android-31/data/annotations.zip!/" type="simple" />
          </root>
        </annotationsPath>
        <classPath>
          <root type="composite">
            <root url="jar://$USER_HOME$/.disks/hdd/android-sdk/platforms/android-31/android.jar!/" type="simple" />
            <root url="file://$USER_HOME$/.disks/hdd/android-sdk/platforms/android-31/data/res" type="simple" />
          </root>
        </classPath>
        <javadocPath>
          <root type="composite" />
        </javadocPath>
        <sourcePath>
          <root type="composite">
            <root url="file://$USER_HOME$/.disks/hdd/android-sdk/sources/android-31" type="simple" />
          </root>
        </sourcePath>
      </roots>
      <additional jdk="11" sdk="android-31" />
    </jdk>
    <jdk version="2">
      <name value="Android API 30 Platform" />
      <type value="Android SDK" />
      <version value="version 11.0.12" />
      <homePath value="$USER_HOME$/.disks/hdd/android-sdk" />
      <roots>
        <annotationsPath>
          <root type="composite">
            <root url="jar://$USER_HOME$/.disks/hdd/android-sdk/platforms/android-30/data/annotations.zip!/" type="simple" />
          </root>
        </annotationsPath>
        <classPath>
          <root type="composite">
            <root url="jar://$USER_HOME$/.disks/hdd/android-sdk/platforms/android-30/android.jar!/" type="simple" />
            <root url="file://$USER_HOME$/.disks/hdd/android-sdk/platforms/android-30/data/res" type="simple" />
          </root>
        </classPath>
        <javadocPath>
          <root type="composite">
            <root url="http://developer.android.com/reference/" type="simple" />
          </root>
        </javadocPath>
        <sourcePath>
          <root type="composite" />
        </sourcePath>
      </roots>
      <additional jdk="11" sdk="android-30" />
    </jdk>
    <jdk version="2">
      <name value="Android API 29 Platform" />
      <type value="Android SDK" />
      <version value="version 11.0.12" />
      <homePath value="$USER_HOME$/.disks/hdd/android-sdk" />
      <roots>
        <annotationsPath>
          <root type="composite">
            <root url="jar://$USER_HOME$/.disks/hdd/android-sdk/platforms/android-29/data/annotations.zip!/" type="simple" />
          </root>
        </annotationsPath>
        <classPath>
          <root type="composite">
            <root url="jar://$USER_HOME$/.disks/hdd/android-sdk/platforms/android-29/android.jar!/" type="simple" />
            <root url="file://$USER_HOME$/.disks/hdd/android-sdk/platforms/android-29/data/res" type="simple" />
          </root>
        </classPath>
        <javadocPath>
          <root type="composite">
            <root url="http://developer.android.com/reference/" type="simple" />
          </root>
        </javadocPath>
        <sourcePath>
          <root type="composite" />
        </sourcePath>
      </roots>
      <additional jdk="11" sdk="android-29" />
    </jdk>
  </component>
</application>