<application>
  <component name="ProjectJdkTable">
    <jdk version="2">
      <name value="9.0" />
      <type value="JavaSDK" />
      <version value="java version &quot;9.0.4&quot;" />
      <homePath value="/usr/java/jdk-9.0.4" />
      <roots>
        <annotationsPath>
          <root type="composite">
            <root url="jar://$APPLICATION_HOME_DIR$/lib/jdkAnnotations.jar!/" type="simple" />
          </root>
        </annotationsPath>
        <classPath>
          <root type="composite">
            <root url="jrt:///usr/java/jdk-9.0.4!/java.activation" type="simple" />
            <root url="jrt:///usr/java/jdk-9.0.4!/java.base" type="simple" />
            <root url="jrt:///usr/java/jdk-9.0.4!/java.compiler" type="simple" />
            <root url="jrt:///usr/java/jdk-9.0.4!/java.corba" type="simple" />
            <root url="jrt:///usr/java/jdk-9.0.4!/java.datatransfer" type="simple" />
            <root url="jrt:///usr/java/jdk-9.0.4!/java.desktop" type="simple" />
            <root url="jrt:///usr/java/jdk-9.0.4!/java.instrument" type="simple" />
            <root url="jrt:///usr/java/jdk-9.0.4!/java.jnlp" type="simple" />
            <root url="jrt:///usr/java/jdk-9.0.4!/java.logging" type="simple" />
            <root url="jrt:///usr/java/jdk-9.0.4!/java.management" type="simple" />
            <root url="jrt:///usr/java/jdk-9.0.4!/java.management.rmi" type="simple" />
            <root url="jrt:///usr/java/jdk-9.0.4!/java.naming" type="simple" />
            <root url="jrt:///usr/java/jdk-9.0.4!/java.prefs" type="simple" />
            <root url="jrt:///usr/java/jdk-9.0.4!/java.rmi" type="simple" />
            <root url="jrt:///usr/java/jdk-9.0.4!/java.scripting" type="simple" />
            <root url="jrt:///usr/java/jdk-9.0.4!/java.se" type="simple" />
            <root url="jrt:///usr/java/jdk-9.0.4!/java.se.ee" type="simple" />
            <root url="jrt:///usr/java/jdk-9.0.4!/java.security.jgss" type="simple" />
            <root url="jrt:///usr/java/jdk-9.0.4!/java.security.sasl" type="simple" />
            <root url="jrt:///usr/java/jdk-9.0.4!/java.smartcardio" type="simple" />
            <root url="jrt:///usr/java/jdk-9.0.4!/java.sql" type="simple" />
            <root url="jrt:///usr/java/jdk-9.0.4!/java.sql.rowset" type="simple" />
            <root url="jrt:///usr/java/jdk-9.0.4!/java.transaction" type="simple" />
            <root url="jrt:///usr/java/jdk-9.0.4!/java.xml" type="simple" />
            <root url="jrt:///usr/java/jdk-9.0.4!/java.xml.bind" type="simple" />
            <root url="jrt:///usr/java/jdk-9.0.4!/java.xml.crypto" type="simple" />
            <root url="jrt:///usr/java/jdk-9.0.4!/java.xml.ws" type="simple" />
            <root url="jrt:///usr/java/jdk-9.0.4!/java.xml.ws.annotation" type="simple" />
            <root url="jrt:///usr/java/jdk-9.0.4!/javafx.base" type="simple" />
            <root url="jrt:///usr/java/jdk-9.0.4!/javafx.controls" type="simple" />
            <root url="jrt:///usr/java/jdk-9.0.4!/javafx.deploy" type="simple" />
            <root url="jrt:///usr/java/jdk-9.0.4!/javafx.fxml" type="simple" />
            <root url="jrt:///usr/java/jdk-9.0.4!/javafx.graphics" type="simple" />
            <root url="jrt:///usr/java/jdk-9.0.4!/javafx.media" type="simple" />
            <root url="jrt:///usr/java/jdk-9.0.4!/javafx.swing" type="simple" />
            <root url="jrt:///usr/java/jdk-9.0.4!/javafx.web" type="simple" />
            <root url="jrt:///usr/java/jdk-9.0.4!/jdk.accessibility" type="simple" />
            <root url="jrt:///usr/java/jdk-9.0.4!/jdk.aot" type="simple" />
            <root url="jrt:///usr/java/jdk-9.0.4!/jdk.attach" type="simple" />
            <root url="jrt:///usr/java/jdk-9.0.4!/jdk.charsets" type="simple" />
            <root url="jrt:///usr/java/jdk-9.0.4!/jdk.compiler" type="simple" />
            <root url="jrt:///usr/java/jdk-9.0.4!/jdk.crypto.cryptoki" type="simple" />
            <root url="jrt:///usr/java/jdk-9.0.4!/jdk.crypto.ec" type="simple" />
            <root url="jrt:///usr/java/jdk-9.0.4!/jdk.deploy" type="simple" />
            <root url="jrt:///usr/java/jdk-9.0.4!/jdk.deploy.controlpanel" type="simple" />
            <root url="jrt:///usr/java/jdk-9.0.4!/jdk.dynalink" type="simple" />
            <root url="jrt:///usr/java/jdk-9.0.4!/jdk.editpad" type="simple" />
            <root url="jrt:///usr/java/jdk-9.0.4!/jdk.hotspot.agent" type="simple" />
            <root url="jrt:///usr/java/jdk-9.0.4!/jdk.httpserver" type="simple" />
            <root url="jrt:///usr/java/jdk-9.0.4!/jdk.incubator.httpclient" type="simple" />
            <root url="jrt:///usr/java/jdk-9.0.4!/jdk.internal.ed" type="simple" />
            <root url="jrt:///usr/java/jdk-9.0.4!/jdk.internal.jvmstat" type="simple" />
            <root url="jrt:///usr/java/jdk-9.0.4!/jdk.internal.le" type="simple" />
            <root url="jrt:///usr/java/jdk-9.0.4!/jdk.internal.opt" type="simple" />
            <root url="jrt:///usr/java/jdk-9.0.4!/jdk.internal.vm.ci" type="simple" />
            <root url="jrt:///usr/java/jdk-9.0.4!/jdk.internal.vm.compiler" type="simple" />
            <root url="jrt:///usr/java/jdk-9.0.4!/jdk.jartool" type="simple" />
            <root url="jrt:///usr/java/jdk-9.0.4!/jdk.javadoc" type="simple" />
            <root url="jrt:///usr/java/jdk-9.0.4!/jdk.javaws" type="simple" />
            <root url="jrt:///usr/java/jdk-9.0.4!/jdk.jcmd" type="simple" />
            <root url="jrt:///usr/java/jdk-9.0.4!/jdk.jconsole" type="simple" />
            <root url="jrt:///usr/java/jdk-9.0.4!/jdk.jdeps" type="simple" />
            <root url="jrt:///usr/java/jdk-9.0.4!/jdk.jdi" type="simple" />
            <root url="jrt:///usr/java/jdk-9.0.4!/jdk.jdwp.agent" type="simple" />
            <root url="jrt:///usr/java/jdk-9.0.4!/jdk.jfr" type="simple" />
            <root url="jrt:///usr/java/jdk-9.0.4!/jdk.jlink" type="simple" />
            <root url="jrt:///usr/java/jdk-9.0.4!/jdk.jshell" type="simple" />
            <root url="jrt:///usr/java/jdk-9.0.4!/jdk.jsobject" type="simple" />
            <root url="jrt:///usr/java/jdk-9.0.4!/jdk.jstatd" type="simple" />
            <root url="jrt:///usr/java/jdk-9.0.4!/jdk.localedata" type="simple" />
            <root url="jrt:///usr/java/jdk-9.0.4!/jdk.management" type="simple" />
            <root url="jrt:///usr/java/jdk-9.0.4!/jdk.management.agent" type="simple" />
            <root url="jrt:///usr/java/jdk-9.0.4!/jdk.management.cmm" type="simple" />
            <root url="jrt:///usr/java/jdk-9.0.4!/jdk.management.jfr" type="simple" />
            <root url="jrt:///usr/java/jdk-9.0.4!/jdk.management.resource" type="simple" />
            <root url="jrt:///usr/java/jdk-9.0.4!/jdk.naming.dns" type="simple" />
            <root url="jrt:///usr/java/jdk-9.0.4!/jdk.naming.rmi" type="simple" />
            <root url="jrt:///usr/java/jdk-9.0.4!/jdk.net" type="simple" />
            <root url="jrt:///usr/java/jdk-9.0.4!/jdk.pack" type="simple" />
            <root url="jrt:///usr/java/jdk-9.0.4!/jdk.packager" type="simple" />
            <root url="jrt:///usr/java/jdk-9.0.4!/jdk.packager.services" type="simple" />
            <root url="jrt:///usr/java/jdk-9.0.4!/jdk.plugin" type="simple" />
            <root url="jrt:///usr/java/jdk-9.0.4!/jdk.plugin.dom" type="simple" />
            <root url="jrt:///usr/java/jdk-9.0.4!/jdk.plugin.server" type="simple" />
            <root url="jrt:///usr/java/jdk-9.0.4!/jdk.policytool" type="simple" />
            <root url="jrt:///usr/java/jdk-9.0.4!/jdk.rmic" type="simple" />
            <root url="jrt:///usr/java/jdk-9.0.4!/jdk.scripting.nashorn" type="simple" />
            <root url="jrt:///usr/java/jdk-9.0.4!/jdk.scripting.nashorn.shell" type="simple" />
            <root url="jrt:///usr/java/jdk-9.0.4!/jdk.sctp" type="simple" />
            <root url="jrt:///usr/java/jdk-9.0.4!/jdk.security.auth" type="simple" />
            <root url="jrt:///usr/java/jdk-9.0.4!/jdk.security.jgss" type="simple" />
            <root url="jrt:///usr/java/jdk-9.0.4!/jdk.snmp" type="simple" />
            <root url="jrt:///usr/java/jdk-9.0.4!/jdk.unsupported" type="simple" />
            <root url="jrt:///usr/java/jdk-9.0.4!/jdk.xml.bind" type="simple" />
            <root url="jrt:///usr/java/jdk-9.0.4!/jdk.xml.dom" type="simple" />
            <root url="jrt:///usr/java/jdk-9.0.4!/jdk.xml.ws" type="simple" />
            <root url="jrt:///usr/java/jdk-9.0.4!/jdk.zipfs" type="simple" />
            <root url="jrt:///usr/java/jdk-9.0.4!/oracle.desktop" type="simple" />
            <root url="jrt:///usr/java/jdk-9.0.4!/oracle.net" type="simple" />
          </root>
        </classPath>
        <javadocPath>
          <root type="composite" />
        </javadocPath>
        <sourcePath>
          <root type="composite">
            <root url="jar:///usr/java/jdk-9.0.4/lib/src.zip!/java.se" type="simple" />
            <root url="jar:///usr/java/jdk-9.0.4/lib/src.zip!/jdk.aot" type="simple" />
            <root url="jar:///usr/java/jdk-9.0.4/lib/src.zip!/jdk.jdi" type="simple" />
            <root url="jar:///usr/java/jdk-9.0.4/lib/src.zip!/jdk.net" type="simple" />
            <root url="jar:///usr/java/jdk-9.0.4/lib/src.zip!/java.rmi" type="simple" />
            <root url="jar:///usr/java/jdk-9.0.4/lib/src.zip!/java.sql" type="simple" />
            <root url="jar:///usr/java/jdk-9.0.4/lib/src.zip!/java.xml" type="simple" />
            <root url="jar:///usr/java/jdk-9.0.4/lib/src.zip!/jdk.jcmd" type="simple" />
            <root url="jar:///usr/java/jdk-9.0.4/lib/src.zip!/jdk.pack" type="simple" />
            <root url="jar:///usr/java/jdk-9.0.4/lib/src.zip!/jdk.rmic" type="simple" />
            <root url="jar:///usr/java/jdk-9.0.4/lib/src.zip!/jdk.sctp" type="simple" />
            <root url="jar:///usr/java/jdk-9.0.4/lib/src.zip!/java.base" type="simple" />
            <root url="jar:///usr/java/jdk-9.0.4/lib/src.zip!/jdk.jdeps" type="simple" />
            <root url="jar:///usr/java/jdk-9.0.4/lib/src.zip!/jdk.jlink" type="simple" />
            <root url="jar:///usr/java/jdk-9.0.4/lib/src.zip!/jdk.zipfs" type="simple" />
            <root url="jar:///usr/java/jdk-9.0.4/lib/src.zip!/java.corba" type="simple" />
            <root url="jar:///usr/java/jdk-9.0.4/lib/src.zip!/java.prefs" type="simple" />
            <root url="jar:///usr/java/jdk-9.0.4/lib/src.zip!/java.se.ee" type="simple" />
            <root url="jar:///usr/java/jdk-9.0.4/lib/src.zip!/javafx.web" type="simple" />
            <root url="jar:///usr/java/jdk-9.0.4/lib/src.zip!/jdk.attach" type="simple" />
            <root url="jar:///usr/java/jdk-9.0.4/lib/src.zip!/jdk.jshell" type="simple" />
            <root url="jar:///usr/java/jdk-9.0.4/lib/src.zip!/jdk.jstatd" type="simple" />
            <root url="jar:///usr/java/jdk-9.0.4/lib/src.zip!/jdk.xml.ws" type="simple" />
            <root url="jar:///usr/java/jdk-9.0.4/lib/src.zip!/java.naming" type="simple" />
            <root url="jar:///usr/java/jdk-9.0.4/lib/src.zip!/java.xml.ws" type="simple" />
            <root url="jar:///usr/java/jdk-9.0.4/lib/src.zip!/javafx.base" type="simple" />
            <root url="jar:///usr/java/jdk-9.0.4/lib/src.zip!/javafx.fxml" type="simple" />
            <root url="jar:///usr/java/jdk-9.0.4/lib/src.zip!/jdk.editpad" type="simple" />
            <root url="jar:///usr/java/jdk-9.0.4/lib/src.zip!/jdk.jartool" type="simple" />
            <root url="jar:///usr/java/jdk-9.0.4/lib/src.zip!/jdk.javadoc" type="simple" />
            <root url="jar:///usr/java/jdk-9.0.4/lib/src.zip!/jdk.xml.dom" type="simple" />
            <root url="jar:///usr/java/jdk-9.0.4/lib/src.zip!/java.desktop" type="simple" />
            <root url="jar:///usr/java/jdk-9.0.4/lib/src.zip!/java.logging" type="simple" />
            <root url="jar:///usr/java/jdk-9.0.4/lib/src.zip!/javafx.media" type="simple" />
            <root url="jar:///usr/java/jdk-9.0.4/lib/src.zip!/javafx.swing" type="simple" />
            <root url="jar:///usr/java/jdk-9.0.4/lib/src.zip!/jdk.charsets" type="simple" />
            <root url="jar:///usr/java/jdk-9.0.4/lib/src.zip!/jdk.compiler" type="simple" />
            <root url="jar:///usr/java/jdk-9.0.4/lib/src.zip!/jdk.dynalink" type="simple" />
            <root url="jar:///usr/java/jdk-9.0.4/lib/src.zip!/jdk.jconsole" type="simple" />
            <root url="jar:///usr/java/jdk-9.0.4/lib/src.zip!/jdk.jsobject" type="simple" />
            <root url="jar:///usr/java/jdk-9.0.4/lib/src.zip!/jdk.packager" type="simple" />
            <root url="jar:///usr/java/jdk-9.0.4/lib/src.zip!/jdk.xml.bind" type="simple" />
            <root url="jar:///usr/java/jdk-9.0.4/lib/src.zip!/java.compiler" type="simple" />
            <root url="jar:///usr/java/jdk-9.0.4/lib/src.zip!/java.xml.bind" type="simple" />
            <root url="jar:///usr/java/jdk-9.0.4/lib/src.zip!/jdk.crypto.ec" type="simple" />
            <root url="jar:///usr/java/jdk-9.0.4/lib/src.zip!/java.scripting" type="simple" />
            <root url="jar:///usr/java/jdk-9.0.4/lib/src.zip!/jdk.httpserver" type="simple" />
            <root url="jar:///usr/java/jdk-9.0.4/lib/src.zip!/jdk.jdwp.agent" type="simple" />
            <root url="jar:///usr/java/jdk-9.0.4/lib/src.zip!/jdk.localedata" type="simple" />
            <root url="jar:///usr/java/jdk-9.0.4/lib/src.zip!/jdk.management" type="simple" />
            <root url="jar:///usr/java/jdk-9.0.4/lib/src.zip!/jdk.naming.dns" type="simple" />
            <root url="jar:///usr/java/jdk-9.0.4/lib/src.zip!/jdk.naming.rmi" type="simple" />
            <root url="jar:///usr/java/jdk-9.0.4/lib/src.zip!/jdk.policytool" type="simple" />
            <root url="jar:///usr/java/jdk-9.0.4/lib/src.zip!/java.activation" type="simple" />
            <root url="jar:///usr/java/jdk-9.0.4/lib/src.zip!/java.instrument" type="simple" />
            <root url="jar:///usr/java/jdk-9.0.4/lib/src.zip!/java.management" type="simple" />
            <root url="jar:///usr/java/jdk-9.0.4/lib/src.zip!/java.sql.rowset" type="simple" />
            <root url="jar:///usr/java/jdk-9.0.4/lib/src.zip!/java.xml.crypto" type="simple" />
            <root url="jar:///usr/java/jdk-9.0.4/lib/src.zip!/javafx.controls" type="simple" />
            <root url="jar:///usr/java/jdk-9.0.4/lib/src.zip!/javafx.graphics" type="simple" />
            <root url="jar:///usr/java/jdk-9.0.4/lib/src.zip!/jdk.internal.ed" type="simple" />
            <root url="jar:///usr/java/jdk-9.0.4/lib/src.zip!/jdk.internal.le" type="simple" />
            <root url="jar:///usr/java/jdk-9.0.4/lib/src.zip!/jdk.unsupported" type="simple" />
            <root url="jar:///usr/java/jdk-9.0.4/lib/src.zip!/java.smartcardio" type="simple" />
            <root url="jar:///usr/java/jdk-9.0.4/lib/src.zip!/java.transaction" type="simple" />
            <root url="jar:///usr/java/jdk-9.0.4/lib/src.zip!/jdk.internal.opt" type="simple" />
            <root url="jar:///usr/java/jdk-9.0.4/lib/src.zip!/java.datatransfer" type="simple" />
            <root url="jar:///usr/java/jdk-9.0.4/lib/src.zip!/jdk.accessibility" type="simple" />
            <root url="jar:///usr/java/jdk-9.0.4/lib/src.zip!/jdk.hotspot.agent" type="simple" />
            <root url="jar:///usr/java/jdk-9.0.4/lib/src.zip!/jdk.security.auth" type="simple" />
            <root url="jar:///usr/java/jdk-9.0.4/lib/src.zip!/jdk.security.jgss" type="simple" />
            <root url="jar:///usr/java/jdk-9.0.4/lib/src.zip!/java.security.jgss" type="simple" />
            <root url="jar:///usr/java/jdk-9.0.4/lib/src.zip!/java.security.sasl" type="simple" />
            <root url="jar:///usr/java/jdk-9.0.4/lib/src.zip!/jdk.internal.vm.ci" type="simple" />
            <root url="jar:///usr/java/jdk-9.0.4/lib/src.zip!/java.management.rmi" type="simple" />
            <root url="jar:///usr/java/jdk-9.0.4/lib/src.zip!/jdk.crypto.cryptoki" type="simple" />
            <root url="jar:///usr/java/jdk-9.0.4/lib/src.zip!/jdk.internal.jvmstat" type="simple" />
            <root url="jar:///usr/java/jdk-9.0.4/lib/src.zip!/jdk.management.agent" type="simple" />
            <root url="jar:///usr/java/jdk-9.0.4/lib/src.zip!/jdk.packager.services" type="simple" />
            <root url="jar:///usr/java/jdk-9.0.4/lib/src.zip!/jdk.scripting.nashorn" type="simple" />
            <root url="jar:///usr/java/jdk-9.0.4/lib/src.zip!/java.xml.ws.annotation" type="simple" />
            <root url="jar:///usr/java/jdk-9.0.4/lib/src.zip!/jdk.incubator.httpclient" type="simple" />
            <root url="jar:///usr/java/jdk-9.0.4/lib/src.zip!/jdk.internal.vm.compiler" type="simple" />
            <root url="jar:///usr/java/jdk-9.0.4/lib/src.zip!/jdk.scripting.nashorn.shell" type="simple" />
          </root>
        </sourcePath>
      </roots>
      <additional />
    </jdk>
    <jdk version="2">
      <name value="1.8" />
      <type value="JavaSDK" />
      <version value="java version &quot;1.8.0_161&quot;" />
      <homePath value="/usr/java/jdk1.8.0_161" />
      <roots>
        <annotationsPath>
          <root type="composite">
            <root url="jar://$APPLICATION_HOME_DIR$/lib/jdkAnnotations.jar!/" type="simple" />
          </root>
        </annotationsPath>
        <classPath>
          <root type="composite">
            <root url="jar:///usr/java/jdk1.8.0_161/jre/lib/charsets.jar!/" type="simple" />
            <root url="jar:///usr/java/jdk1.8.0_161/jre/lib/deploy.jar!/" type="simple" />
            <root url="jar:///usr/java/jdk1.8.0_161/jre/lib/ext/cldrdata.jar!/" type="simple" />
            <root url="jar:///usr/java/jdk1.8.0_161/jre/lib/ext/dnsns.jar!/" type="simple" />
            <root url="jar:///usr/java/jdk1.8.0_161/jre/lib/ext/jaccess.jar!/" type="simple" />
            <root url="jar:///usr/java/jdk1.8.0_161/jre/lib/ext/jfxrt.jar!/" type="simple" />
            <root url="jar:///usr/java/jdk1.8.0_161/jre/lib/ext/localedata.jar!/" type="simple" />
            <root url="jar:///usr/java/jdk1.8.0_161/jre/lib/ext/nashorn.jar!/" type="simple" />
            <root url="jar:///usr/java/jdk1.8.0_161/jre/lib/ext/sunec.jar!/" type="simple" />
            <root url="jar:///usr/java/jdk1.8.0_161/jre/lib/ext/sunjce_provider.jar!/" type="simple" />
            <root url="jar:///usr/java/jdk1.8.0_161/jre/lib/ext/sunpkcs11.jar!/" type="simple" />
            <root url="jar:///usr/java/jdk1.8.0_161/jre/lib/ext/zipfs.jar!/" type="simple" />
            <root url="jar:///usr/java/jdk1.8.0_161/jre/lib/javaws.jar!/" type="simple" />
            <root url="jar:///usr/java/jdk1.8.0_161/jre/lib/jce.jar!/" type="simple" />
            <root url="jar:///usr/java/jdk1.8.0_161/jre/lib/jfr.jar!/" type="simple" />
            <root url="jar:///usr/java/jdk1.8.0_161/jre/lib/jfxswt.jar!/" type="simple" />
            <root url="jar:///usr/java/jdk1.8.0_161/jre/lib/jsse.jar!/" type="simple" />
            <root url="jar:///usr/java/jdk1.8.0_161/jre/lib/management-agent.jar!/" type="simple" />
            <root url="jar:///usr/java/jdk1.8.0_161/jre/lib/plugin.jar!/" type="simple" />
            <root url="jar:///usr/java/jdk1.8.0_161/jre/lib/resources.jar!/" type="simple" />
            <root url="jar:///usr/java/jdk1.8.0_161/jre/lib/rt.jar!/" type="simple" />
          </root>
        </classPath>
        <javadocPath>
          <root type="composite" />
        </javadocPath>
        <sourcePath>
          <root type="composite">
            <root url="jar:///usr/java/jdk1.8.0_161/src.zip!/" type="simple" />
            <root url="jar:///usr/java/jdk1.8.0_161/javafx-src.zip!/" type="simple" />
          </root>
        </sourcePath>
      </roots>
      <additional />
    </jdk>
    <jdk version="2">
      <name value="IntelliJ IDEA IU-173.4301.25" />
      <type value="IDEA JDK" />
      <version value="java version &quot;1.8.0_161&quot;" />
      <homePath value="$APPLICATION_HOME_DIR$" />
      <roots>
        <annotationsPath>
          <root type="composite">
            <root url="jar://$APPLICATION_HOME_DIR$/lib/jdkAnnotations.jar!/" type="simple" />
          </root>
        </annotationsPath>
        <classPath>
          <root type="composite">
            <root url="jar://$APPLICATION_HOME_DIR$/lib/jgoodies-common-1.2.1.jar!/" type="simple" />
            <root url="jar://$APPLICATION_HOME_DIR$/lib/jasper2_rt.jar!/" type="simple" />
            <root url="jar://$APPLICATION_HOME_DIR$/lib/jasper21_rt.jar!/" type="simple" />
            <root url="jar://$APPLICATION_HOME_DIR$/lib/xbean.jar!/" type="simple" />
            <root url="jar://$APPLICATION_HOME_DIR$/lib/alloy.jar!/" type="simple" />
            <root url="jar://$APPLICATION_HOME_DIR$/lib/jcip-annotations.jar!/" type="simple" />
            <root url="jar://$APPLICATION_HOME_DIR$/lib/rhino-js-1_7R4.jar!/" type="simple" />
            <root url="jar://$APPLICATION_HOME_DIR$/lib/jh.jar!/" type="simple" />
            <root url="jar://$APPLICATION_HOME_DIR$/lib/common-image-3.2.1.jar!/" type="simple" />
            <root url="jar://$APPLICATION_HOME_DIR$/lib/miglayout-core-5.0.jar!/" type="simple" />
            <root url="jar://$APPLICATION_HOME_DIR$/lib/miglayout-swing-5.0.jar!/" type="simple" />
            <root url="jar://$APPLICATION_HOME_DIR$/lib/wadl-core.jar!/" type="simple" />
            <root url="jar://$APPLICATION_HOME_DIR$/lib/jsch.agentproxy.jsch.jar!/" type="simple" />
            <root url="jar://$APPLICATION_HOME_DIR$/lib/jsp-api.jar!/" type="simple" />
            <root url="jar://$APPLICATION_HOME_DIR$/lib/yjp-controller-api-redist.jar!/" type="simple" />
            <root url="jar://$APPLICATION_HOME_DIR$/lib/icons.jar!/" type="simple" />
            <root url="jar://$APPLICATION_HOME_DIR$/lib/imageio-core-3.2.1.jar!/" type="simple" />
            <root url="jar://$APPLICATION_HOME_DIR$/lib/gson-2.8.2.jar!/" type="simple" />
            <root url="jar://$APPLICATION_HOME_DIR$/lib/javac2.jar!/" type="simple" />
            <root url="jar://$APPLICATION_HOME_DIR$/lib/nanoxml-2.2.3.jar!/" type="simple" />
            <root url="jar://$APPLICATION_HOME_DIR$/lib/jgoodies-forms.jar!/" type="simple" />
            <root url="jar://$APPLICATION_HOME_DIR$/lib/slf4j-log4j12-1.7.10.jar!/" type="simple" />
            <root url="jar://$APPLICATION_HOME_DIR$/lib/nekohtml-1.9.14.jar!/" type="simple" />
            <root url="jar://$APPLICATION_HOME_DIR$/lib/jsr305.jar!/" type="simple" />
            <root url="jar://$APPLICATION_HOME_DIR$/lib/jdom.jar!/" type="simple" />
            <root url="jar://$APPLICATION_HOME_DIR$/lib/imageio-metadata-3.2.1.jar!/" type="simple" />
            <root url="jar://$APPLICATION_HOME_DIR$/lib/streamex-0.6.5.jar!/" type="simple" />
            <root url="jar://$APPLICATION_HOME_DIR$/lib/idea-jsp-openapi.jar!/" type="simple" />
            <root url="jar://$APPLICATION_HOME_DIR$/lib/commons-codec-1.9.jar!/" type="simple" />
            <root url="jar://$APPLICATION_HOME_DIR$/lib/netty-all-4.1.13.Final.jar!/" type="simple" />
            <root url="jar://$APPLICATION_HOME_DIR$/lib/imageio-tiff-3.2.1.jar!/" type="simple" />
            <root url="jar://$APPLICATION_HOME_DIR$/lib/fluent-hc-4.5.2.jar!/" type="simple" />
            <root url="jar://$APPLICATION_HOME_DIR$/lib/fest-assert-1.5.0-SNAPSHOT.jar!/" type="simple" />
            <root url="jar://$APPLICATION_HOME_DIR$/lib/clojure-1.8.0.jar!/" type="simple" />
            <root url="jar://$APPLICATION_HOME_DIR$/lib/coverage-agent.jar!/" type="simple" />
            <root url="jar://$APPLICATION_HOME_DIR$/lib/resources.jar!/" type="simple" />
            <root url="jar://$APPLICATION_HOME_DIR$/lib/jshell-frontend.jar!/" type="simple" />
            <root url="jar://$APPLICATION_HOME_DIR$/lib/jps-launcher.jar!/" type="simple" />
            <root url="jar://$APPLICATION_HOME_DIR$/lib/purejavacomm.jar!/" type="simple" />
            <root url="jar://$APPLICATION_HOME_DIR$/lib/jsch.agentproxy.sshagent.jar!/" type="simple" />
            <root url="jar://$APPLICATION_HOME_DIR$/lib/jdkAnnotations.jar!/" type="simple" />
            <root url="jar://$APPLICATION_HOME_DIR$/lib/guava-21.0.jar!/" type="simple" />
            <root url="jar://$APPLICATION_HOME_DIR$/lib/xstream-1.4.8.jar!/" type="simple" />
            <root url="jar://$APPLICATION_HOME_DIR$/lib/sqlite-jdbc-3.16.1.jar!/" type="simple" />
            <root url="jar://$APPLICATION_HOME_DIR$/lib/trilead-ssh2.jar!/" type="simple" />
            <root url="jar://$APPLICATION_HOME_DIR$/lib/bootstrap.jar!/" type="simple" />
            <root url="jar://$APPLICATION_HOME_DIR$/lib/picocontainer.jar!/" type="simple" />
            <root url="jar://$APPLICATION_HOME_DIR$/lib/rngom-20051226-patched.jar!/" type="simple" />
            <root url="jar://$APPLICATION_HOME_DIR$/lib/jna.jar!/" type="simple" />
            <root url="jar://$APPLICATION_HOME_DIR$/lib/log4j.jar!/" type="simple" />
            <root url="jar://$APPLICATION_HOME_DIR$/lib/annotations.jar!/" type="simple" />
            <root url="jar://$APPLICATION_HOME_DIR$/lib/google-analytics-library.jar!/" type="simple" />
            <root url="jar://$APPLICATION_HOME_DIR$/lib/httpclient-4.5.2.jar!/" type="simple" />
            <root url="jar://$APPLICATION_HOME_DIR$/lib/asm-analysis-5.0.3.jar!/" type="simple" />
            <root url="jar://$APPLICATION_HOME_DIR$/lib/extensions.jar!/" type="simple" />
            <root url="jar://$APPLICATION_HOME_DIR$/lib/commons-httpclient-3.1-patched.jar!/" type="simple" />
            <root url="jar://$APPLICATION_HOME_DIR$/lib/fest-util-1.3.0-SNAPSHOT.jar!/" type="simple" />
            <root url="jar://$APPLICATION_HOME_DIR$/lib/snappy-in-java-0.5.1.jar!/" type="simple" />
            <root url="jar://$APPLICATION_HOME_DIR$/lib/commons-imaging-1.0-RC.jar!/" type="simple" />
            <root url="jar://$APPLICATION_HOME_DIR$/lib/serviceMessages.jar!/" type="simple" />
            <root url="jar://$APPLICATION_HOME_DIR$/lib/openapi.jar!/" type="simple" />
            <root url="jar://$APPLICATION_HOME_DIR$/lib/constraint-layout.jar!/" type="simple" />
            <root url="jar://$APPLICATION_HOME_DIR$/lib/xz-1.5.jar!/" type="simple" />
            <root url="jar://$APPLICATION_HOME_DIR$/lib/kotlin-reflect.jar!/" type="simple" />
            <root url="jar://$APPLICATION_HOME_DIR$/lib/resources_en.jar!/" type="simple" />
            <root url="jar://$APPLICATION_HOME_DIR$/lib/trove4j.jar!/" type="simple" />
            <root url="jar://$APPLICATION_HOME_DIR$/lib/cli-parser-1.1.jar!/" type="simple" />
            <root url="jar://$APPLICATION_HOME_DIR$/lib/commons-net-3.3.jar!/" type="simple" />
            <root url="jar://$APPLICATION_HOME_DIR$/lib/jna-platform.jar!/" type="simple" />
            <root url="jar://$APPLICATION_HOME_DIR$/lib/automaton.jar!/" type="simple" />
            <root url="jar://$APPLICATION_HOME_DIR$/lib/pty4j-0.7.1.jar!/" type="simple" />
            <root url="jar://$APPLICATION_HOME_DIR$/lib/jsch-0.1.54.jar!/" type="simple" />
            <root url="jar://$APPLICATION_HOME_DIR$/lib/jsch.agentproxy.usocket-nc.jar!/" type="simple" />
            <root url="jar://$APPLICATION_HOME_DIR$/lib/cloud-config-client.jar!/" type="simple" />
            <root url="jar://$APPLICATION_HOME_DIR$/lib/jsr173_1.0_api.jar!/" type="simple" />
            <root url="jar://$APPLICATION_HOME_DIR$/lib/aether-dependency-resolver.jar!/" type="simple" />
            <root url="jar://$APPLICATION_HOME_DIR$/lib/microba.jar!/" type="simple" />
            <root url="jar://$APPLICATION_HOME_DIR$/lib/servlet-api.jar!/" type="simple" />
            <root url="jar://$APPLICATION_HOME_DIR$/lib/httpcore-4.4.5.jar!/" type="simple" />
            <root url="jar://$APPLICATION_HOME_DIR$/lib/jing.jar!/" type="simple" />
            <root url="jar://$APPLICATION_HOME_DIR$/lib/jps-builders.jar!/" type="simple" />
            <root url="jar://$APPLICATION_HOME_DIR$/lib/isorelax.jar!/" type="simple" />
            <root url="jar://$APPLICATION_HOME_DIR$/lib/xercesImpl.jar!/" type="simple" />
            <root url="jar://$APPLICATION_HOME_DIR$/lib/slf4j-api-1.7.10.jar!/" type="simple" />
            <root url="jar://$APPLICATION_HOME_DIR$/lib/httpmime-4.5.2.jar!/" type="simple" />
            <root url="jar://$APPLICATION_HOME_DIR$/lib/coverage-instrumenter.jar!/" type="simple" />
            <root url="jar://$APPLICATION_HOME_DIR$/lib/jgoodies-looks-2.4.2.jar!/" type="simple" />
            <root url="jar://$APPLICATION_HOME_DIR$/lib/markdownj-core-0.4.2-SNAPSHOT.jar!/" type="simple" />
            <root url="jar://$APPLICATION_HOME_DIR$/lib/jsch.agentproxy.connector-factory.jar!/" type="simple" />
            <root url="jar://$APPLICATION_HOME_DIR$/lib/markdown4j-2.2.jar!/" type="simple" />
            <root url="jar://$APPLICATION_HOME_DIR$/lib/idea_rt.jar!/" type="simple" />
            <root url="jar://$APPLICATION_HOME_DIR$/lib/ecj-4.6.2.jar!/" type="simple" />
            <root url="jar://$APPLICATION_HOME_DIR$/lib/jsch.agentproxy.usocket-jna.jar!/" type="simple" />
            <root url="jar://$APPLICATION_HOME_DIR$/lib/velocity.jar!/" type="simple" />
            <root url="jar://$APPLICATION_HOME_DIR$/lib/xml-apis-ext.jar!/" type="simple" />
            <root url="jar://$APPLICATION_HOME_DIR$/lib/idea.jar!/" type="simple" />
            <root url="jar://$APPLICATION_HOME_DIR$/lib/asm-all.jar!/" type="simple" />
            <root url="jar://$APPLICATION_HOME_DIR$/lib/common-io-3.2.1.jar!/" type="simple" />
            <root url="jar://$APPLICATION_HOME_DIR$/lib/boot.jar!/" type="simple" />
            <root url="jar://$APPLICATION_HOME_DIR$/lib/fest-reflect-2.0-SNAPSHOT.jar!/" type="simple" />
            <root url="jar://$APPLICATION_HOME_DIR$/lib/trang-core.jar!/" type="simple" />
            <root url="jar://$APPLICATION_HOME_DIR$/lib/external-system-rt.jar!/" type="simple" />
            <root url="jar://$APPLICATION_HOME_DIR$/lib/util.jar!/" type="simple" />
            <root url="jar://$APPLICATION_HOME_DIR$/lib/jzlib-1.1.1.jar!/" type="simple" />
            <root url="jar://$APPLICATION_HOME_DIR$/lib/common-lang-3.2.1.jar!/" type="simple" />
            <root url="jar://$APPLICATION_HOME_DIR$/lib/jps-builders-6.jar!/" type="simple" />
            <root url="jar://$APPLICATION_HOME_DIR$/lib/proxy-vole-1.0.3.jar!/" type="simple" />
            <root url="jar://$APPLICATION_HOME_DIR$/lib/resolver.jar!/" type="simple" />
            <root url="jar://$APPLICATION_HOME_DIR$/lib/jayatana-1.2.4.jar!/" type="simple" />
            <root url="jar://$APPLICATION_HOME_DIR$/lib/oromatcher.jar!/" type="simple" />
            <root url="jar://$APPLICATION_HOME_DIR$/lib/asm-5.0.3.jar!/" type="simple" />
            <root url="jar://$APPLICATION_HOME_DIR$/lib/commons-logging-1.2.jar!/" type="simple" />
            <root url="jar://$APPLICATION_HOME_DIR$/lib/maven-aether-provider-3.3.9-all.jar!/" type="simple" />
            <root url="jar://$APPLICATION_HOME_DIR$/lib/optimizedFileManager.jar!/" type="simple" />
            <root url="jar://$APPLICATION_HOME_DIR$/lib/jimfs-1.1.jar!/" type="simple" />
            <root url="jar://$APPLICATION_HOME_DIR$/lib/batik-all.jar!/" type="simple" />
            <root url="jar://$APPLICATION_HOME_DIR$/lib/xmlrpc-2.0.jar!/" type="simple" />
            <root url="jar://$APPLICATION_HOME_DIR$/lib/bcprov-jdk15on-155.jar!/" type="simple" />
            <root url="jar://$APPLICATION_HOME_DIR$/lib/hamcrest-core-1.3.jar!/" type="simple" />
            <root url="jar://$APPLICATION_HOME_DIR$/lib/asm-tree-5.0.3.jar!/" type="simple" />
            <root url="jar://$APPLICATION_HOME_DIR$/lib/swingx-core-1.6.2.jar!/" type="simple" />
            <root url="jar://$APPLICATION_HOME_DIR$/lib/xpp3-1.1.4-min.jar!/" type="simple" />
            <root url="jar://$APPLICATION_HOME_DIR$/lib/imgscalr-lib-4.2.jar!/" type="simple" />
            <root url="jar://$APPLICATION_HOME_DIR$/lib/jshell-protocol.jar!/" type="simple" />
            <root url="jar://$APPLICATION_HOME_DIR$/lib/snakeyaml-1.17.jar!/" type="simple" />
            <root url="jar://$APPLICATION_HOME_DIR$/lib/jaxen-1.1.3.jar!/" type="simple" />
            <root url="jar://$APPLICATION_HOME_DIR$/lib/clojure-jsr223-1.5.1.jar!/" type="simple" />
            <root url="jar://$APPLICATION_HOME_DIR$/lib/forms_rt.jar!/" type="simple" />
            <root url="jar://$APPLICATION_HOME_DIR$/lib/cglib-nodep-3.2.4.jar!/" type="simple" />
            <root url="jar://$APPLICATION_HOME_DIR$/lib/kotlin-runtime.jar!/" type="simple" />
            <root url="jar://$APPLICATION_HOME_DIR$/lib/coverage-util.jar!/" type="simple" />
            <root url="jar://$APPLICATION_HOME_DIR$/lib/commons-compress-1.10.jar!/" type="simple" />
            <root url="jar://$APPLICATION_HOME_DIR$/lib/jsch.agentproxy.core.jar!/" type="simple" />
            <root url="jar://$APPLICATION_HOME_DIR$/lib/groovy-all-2.4.12.jar!/" type="simple" />
            <root url="jar://$APPLICATION_HOME_DIR$/lib/jettison-1.3.2.jar!/" type="simple" />
            <root url="jar://$APPLICATION_HOME_DIR$/lib/studio-profiler-grpc-1.0-jarjar.jar!/" type="simple" />
            <root url="jar://$APPLICATION_HOME_DIR$/lib/jediterm-pty-2.6.jar!/" type="simple" />
            <root url="jar://$APPLICATION_HOME_DIR$/lib/MultithreadedTC-1.01.jar!/" type="simple" />
            <root url="jar://$APPLICATION_HOME_DIR$/lib/ini4j-0.5.2-patched.jar!/" type="simple" />
            <root url="jar://$APPLICATION_HOME_DIR$/lib/jsch.agentproxy.pageant.jar!/" type="simple" />
            <root url="jar://$APPLICATION_HOME_DIR$/lib/winp-1.23.jar!/" type="simple" />
            <root url="jar://$APPLICATION_HOME_DIR$/lib/aether-1.1.0-all.jar!/" type="simple" />
            <root url="jar://$APPLICATION_HOME_DIR$/lib/protobuf-java-2.5.0.jar!/" type="simple" />
            <root url="jar://$APPLICATION_HOME_DIR$/lib/fest-swing-1.4.1-SNAPSHOT.jar!/" type="simple" />
            <root url="jar://$APPLICATION_HOME_DIR$/lib/jps-model.jar!/" type="simple" />
            <root url="jar://$APPLICATION_HOME_DIR$/lib/junit-4.12.jar!/" type="simple" />
            <root url="jar://$APPLICATION_HOME_DIR$/lib/ideax.jar!/" type="simple" />
            <root url="jar://$APPLICATION_HOME_DIR$/lib/xmlgraphics-commons-1.5.jar!/" type="simple" />
            <root url="jar://$APPLICATION_HOME_DIR$/plugins/JavaEE/lib/gradle-javaee.jar!/" type="simple" />
            <root url="jar://$APPLICATION_HOME_DIR$/plugins/JavaEE/lib/webDeployment-transport.jar!/" type="simple" />
            <root url="jar://$APPLICATION_HOME_DIR$/plugins/JavaEE/lib/resources_en.jar!/" type="simple" />
            <root url="jar://$APPLICATION_HOME_DIR$/plugins/JavaEE/lib/javaee-openapi.jar!/" type="simple" />
            <root url="jar://$APPLICATION_HOME_DIR$/plugins/JavaEE/lib/javaee-jps-plugin.jar!/" type="simple" />
            <root url="jar://$APPLICATION_HOME_DIR$/plugins/JavaEE/lib/IntelliLang-javaee.jar!/" type="simple" />
            <root url="jar://$APPLICATION_HOME_DIR$/plugins/PersistenceSupport/lib/persistence-openapi.jar!/" type="simple" />
            <root url="jar://$APPLICATION_HOME_DIR$/plugins/PersistenceSupport/lib/resources_en.jar!/" type="simple" />
            <root url="jar://$APPLICATION_HOME_DIR$/plugins/DatabaseTools/lib/dekaf-single-2.0.0.339.jar!/" type="simple" />
            <root url="jar://$APPLICATION_HOME_DIR$/plugins/DatabaseTools/lib/resources_en.jar!/" type="simple" />
            <root url="jar://$APPLICATION_HOME_DIR$/plugins/DatabaseTools/lib/unidecode-0.0.7.jar!/" type="simple" />
            <root url="jar://$APPLICATION_HOME_DIR$/plugins/DatabaseTools/lib/database-openapi.jar!/" type="simple" />
            <root url="jar://$APPLICATION_HOME_DIR$/plugins/uml/lib/diagram-api.jar!/" type="simple" />
            <root url="jar://$APPLICATION_HOME_DIR$/plugins/Spring/lib/spring-api.jar!/" type="simple" />
            <root url="jar://$APPLICATION_HOME_DIR$/plugins/Spring/lib/spring-graph.jar!/" type="simple" />
            <root url="jar://$APPLICATION_HOME_DIR$/plugins/Spring/lib/spring-eclipse.jar!/" type="simple" />
            <root url="jar://$APPLICATION_HOME_DIR$/plugins/Spring/lib/spring-aop.jar!/" type="simple" />
            <root url="jar://$APPLICATION_HOME_DIR$/plugins/Spring/lib/spring-web.jar!/" type="simple" />
            <root url="jar:///usr/java/jdk1.8.0_161/jre/lib/charsets.jar!/" type="simple" />
            <root url="jar:///usr/java/jdk1.8.0_161/jre/lib/deploy.jar!/" type="simple" />
            <root url="jar:///usr/java/jdk1.8.0_161/jre/lib/ext/cldrdata.jar!/" type="simple" />
            <root url="jar:///usr/java/jdk1.8.0_161/jre/lib/ext/dnsns.jar!/" type="simple" />
            <root url="jar:///usr/java/jdk1.8.0_161/jre/lib/ext/jaccess.jar!/" type="simple" />
            <root url="jar:///usr/java/jdk1.8.0_161/jre/lib/ext/jfxrt.jar!/" type="simple" />
            <root url="jar:///usr/java/jdk1.8.0_161/jre/lib/ext/localedata.jar!/" type="simple" />
            <root url="jar:///usr/java/jdk1.8.0_161/jre/lib/ext/nashorn.jar!/" type="simple" />
            <root url="jar:///usr/java/jdk1.8.0_161/jre/lib/ext/sunec.jar!/" type="simple" />
            <root url="jar:///usr/java/jdk1.8.0_161/jre/lib/ext/sunjce_provider.jar!/" type="simple" />
            <root url="jar:///usr/java/jdk1.8.0_161/jre/lib/ext/sunpkcs11.jar!/" type="simple" />
            <root url="jar:///usr/java/jdk1.8.0_161/jre/lib/ext/zipfs.jar!/" type="simple" />
            <root url="jar:///usr/java/jdk1.8.0_161/jre/lib/javaws.jar!/" type="simple" />
            <root url="jar:///usr/java/jdk1.8.0_161/jre/lib/jce.jar!/" type="simple" />
            <root url="jar:///usr/java/jdk1.8.0_161/jre/lib/jfr.jar!/" type="simple" />
            <root url="jar:///usr/java/jdk1.8.0_161/jre/lib/jfxswt.jar!/" type="simple" />
            <root url="jar:///usr/java/jdk1.8.0_161/jre/lib/jsse.jar!/" type="simple" />
            <root url="jar:///usr/java/jdk1.8.0_161/jre/lib/management-agent.jar!/" type="simple" />
            <root url="jar:///usr/java/jdk1.8.0_161/jre/lib/plugin.jar!/" type="simple" />
            <root url="jar:///usr/java/jdk1.8.0_161/jre/lib/resources.jar!/" type="simple" />
            <root url="jar:///usr/java/jdk1.8.0_161/jre/lib/rt.jar!/" type="simple" />
          </root>
        </classPath>
        <javadocPath>
          <root type="composite" />
        </javadocPath>
        <sourcePath>
          <root type="composite">
            <root url="jar://$APPLICATION_HOME_DIR$/lib/src/src_database-openapi.zip!/" type="simple" />
            <root url="jar://$APPLICATION_HOME_DIR$/lib/src/src_persistence-openapi.zip!/" type="simple" />
            <root url="jar://$APPLICATION_HOME_DIR$/lib/src/src_css-api.zip!/" type="simple" />
            <root url="jar://$APPLICATION_HOME_DIR$/lib/src/src_javaee-openapi.zip!/" type="simple" />
            <root url="jar://$APPLICATION_HOME_DIR$/lib/src/src_jam-openapi.zip!/" type="simple" />
            <root url="jar://$APPLICATION_HOME_DIR$/lib/src/src_spring-openapi.zip!/" type="simple" />
            <root url="jar://$APPLICATION_HOME_DIR$/lib/src/src_tomcat.zip!/" type="simple" />
            <root url="jar:///usr/java/jdk1.8.0_161/src.zip!/" type="simple" />
            <root url="jar:///usr/java/jdk1.8.0_161/javafx-src.zip!/" type="simple" />
          </root>
        </sourcePath>
      </roots>
      <additional sdk="1.8">
        <option name="mySandboxHome" value="$USER_HOME$/.IntelliJIdea2017.3/system/plugins-sandbox" />
      </additional>
    </jdk>
    <jdk version="2">
      <name value="13.0.2" />
      <type value="JavaSDK" />
      <version value="java version &quot;13.0.2&quot;" />
      <homePath value="/usr/lib/jvm/java-13-openjdk" />
      <roots>
        <annotationsPath>
          <root type="composite">
            <root url="jar://$APPLICATION_HOME_DIR$/plugins/java/lib/jdkAnnotations.jar!/" type="simple" />
          </root>
        </annotationsPath>
        <classPath>
          <root type="composite">
            <root url="jrt:///usr/lib/jvm/java-13-openjdk!/java.base" type="simple" />
            <root url="jrt:///usr/lib/jvm/java-13-openjdk!/java.compiler" type="simple" />
            <root url="jrt:///usr/lib/jvm/java-13-openjdk!/java.datatransfer" type="simple" />
            <root url="jrt:///usr/lib/jvm/java-13-openjdk!/java.desktop" type="simple" />
            <root url="jrt:///usr/lib/jvm/java-13-openjdk!/java.instrument" type="simple" />
            <root url="jrt:///usr/lib/jvm/java-13-openjdk!/java.logging" type="simple" />
            <root url="jrt:///usr/lib/jvm/java-13-openjdk!/java.management" type="simple" />
            <root url="jrt:///usr/lib/jvm/java-13-openjdk!/java.management.rmi" type="simple" />
            <root url="jrt:///usr/lib/jvm/java-13-openjdk!/java.naming" type="simple" />
            <root url="jrt:///usr/lib/jvm/java-13-openjdk!/java.net.http" type="simple" />
            <root url="jrt:///usr/lib/jvm/java-13-openjdk!/java.prefs" type="simple" />
            <root url="jrt:///usr/lib/jvm/java-13-openjdk!/java.rmi" type="simple" />
            <root url="jrt:///usr/lib/jvm/java-13-openjdk!/java.scripting" type="simple" />
            <root url="jrt:///usr/lib/jvm/java-13-openjdk!/java.se" type="simple" />
            <root url="jrt:///usr/lib/jvm/java-13-openjdk!/java.security.jgss" type="simple" />
            <root url="jrt:///usr/lib/jvm/java-13-openjdk!/java.security.sasl" type="simple" />
            <root url="jrt:///usr/lib/jvm/java-13-openjdk!/java.smartcardio" type="simple" />
            <root url="jrt:///usr/lib/jvm/java-13-openjdk!/java.sql" type="simple" />
            <root url="jrt:///usr/lib/jvm/java-13-openjdk!/java.sql.rowset" type="simple" />
            <root url="jrt:///usr/lib/jvm/java-13-openjdk!/java.transaction.xa" type="simple" />
            <root url="jrt:///usr/lib/jvm/java-13-openjdk!/java.xml" type="simple" />
            <root url="jrt:///usr/lib/jvm/java-13-openjdk!/java.xml.crypto" type="simple" />
            <root url="jrt:///usr/lib/jvm/java-13-openjdk!/jdk.accessibility" type="simple" />
            <root url="jrt:///usr/lib/jvm/java-13-openjdk!/jdk.aot" type="simple" />
            <root url="jrt:///usr/lib/jvm/java-13-openjdk!/jdk.attach" type="simple" />
            <root url="jrt:///usr/lib/jvm/java-13-openjdk!/jdk.charsets" type="simple" />
            <root url="jrt:///usr/lib/jvm/java-13-openjdk!/jdk.compiler" type="simple" />
            <root url="jrt:///usr/lib/jvm/java-13-openjdk!/jdk.crypto.cryptoki" type="simple" />
            <root url="jrt:///usr/lib/jvm/java-13-openjdk!/jdk.crypto.ec" type="simple" />
            <root url="jrt:///usr/lib/jvm/java-13-openjdk!/jdk.dynalink" type="simple" />
            <root url="jrt:///usr/lib/jvm/java-13-openjdk!/jdk.editpad" type="simple" />
            <root url="jrt:///usr/lib/jvm/java-13-openjdk!/jdk.hotspot.agent" type="simple" />
            <root url="jrt:///usr/lib/jvm/java-13-openjdk!/jdk.httpserver" type="simple" />
            <root url="jrt:///usr/lib/jvm/java-13-openjdk!/jdk.internal.ed" type="simple" />
            <root url="jrt:///usr/lib/jvm/java-13-openjdk!/jdk.internal.jvmstat" type="simple" />
            <root url="jrt:///usr/lib/jvm/java-13-openjdk!/jdk.internal.le" type="simple" />
            <root url="jrt:///usr/lib/jvm/java-13-openjdk!/jdk.internal.opt" type="simple" />
            <root url="jrt:///usr/lib/jvm/java-13-openjdk!/jdk.internal.vm.ci" type="simple" />
            <root url="jrt:///usr/lib/jvm/java-13-openjdk!/jdk.internal.vm.compiler" type="simple" />
            <root url="jrt:///usr/lib/jvm/java-13-openjdk!/jdk.internal.vm.compiler.management" type="simple" />
            <root url="jrt:///usr/lib/jvm/java-13-openjdk!/jdk.jartool" type="simple" />
            <root url="jrt:///usr/lib/jvm/java-13-openjdk!/jdk.javadoc" type="simple" />
            <root url="jrt:///usr/lib/jvm/java-13-openjdk!/jdk.jcmd" type="simple" />
            <root url="jrt:///usr/lib/jvm/java-13-openjdk!/jdk.jconsole" type="simple" />
            <root url="jrt:///usr/lib/jvm/java-13-openjdk!/jdk.jdeps" type="simple" />
            <root url="jrt:///usr/lib/jvm/java-13-openjdk!/jdk.jdi" type="simple" />
            <root url="jrt:///usr/lib/jvm/java-13-openjdk!/jdk.jdwp.agent" type="simple" />
            <root url="jrt:///usr/lib/jvm/java-13-openjdk!/jdk.jfr" type="simple" />
            <root url="jrt:///usr/lib/jvm/java-13-openjdk!/jdk.jlink" type="simple" />
            <root url="jrt:///usr/lib/jvm/java-13-openjdk!/jdk.jshell" type="simple" />
            <root url="jrt:///usr/lib/jvm/java-13-openjdk!/jdk.jsobject" type="simple" />
            <root url="jrt:///usr/lib/jvm/java-13-openjdk!/jdk.jstatd" type="simple" />
            <root url="jrt:///usr/lib/jvm/java-13-openjdk!/jdk.localedata" type="simple" />
            <root url="jrt:///usr/lib/jvm/java-13-openjdk!/jdk.management" type="simple" />
            <root url="jrt:///usr/lib/jvm/java-13-openjdk!/jdk.management.agent" type="simple" />
            <root url="jrt:///usr/lib/jvm/java-13-openjdk!/jdk.management.jfr" type="simple" />
            <root url="jrt:///usr/lib/jvm/java-13-openjdk!/jdk.naming.dns" type="simple" />
            <root url="jrt:///usr/lib/jvm/java-13-openjdk!/jdk.naming.rmi" type="simple" />
            <root url="jrt:///usr/lib/jvm/java-13-openjdk!/jdk.net" type="simple" />
            <root url="jrt:///usr/lib/jvm/java-13-openjdk!/jdk.pack" type="simple" />
            <root url="jrt:///usr/lib/jvm/java-13-openjdk!/jdk.rmic" type="simple" />
            <root url="jrt:///usr/lib/jvm/java-13-openjdk!/jdk.scripting.nashorn" type="simple" />
            <root url="jrt:///usr/lib/jvm/java-13-openjdk!/jdk.scripting.nashorn.shell" type="simple" />
            <root url="jrt:///usr/lib/jvm/java-13-openjdk!/jdk.sctp" type="simple" />
            <root url="jrt:///usr/lib/jvm/java-13-openjdk!/jdk.security.auth" type="simple" />
            <root url="jrt:///usr/lib/jvm/java-13-openjdk!/jdk.security.jgss" type="simple" />
            <root url="jrt:///usr/lib/jvm/java-13-openjdk!/jdk.unsupported" type="simple" />
            <root url="jrt:///usr/lib/jvm/java-13-openjdk!/jdk.unsupported.desktop" type="simple" />
            <root url="jrt:///usr/lib/jvm/java-13-openjdk!/jdk.xml.dom" type="simple" />
            <root url="jrt:///usr/lib/jvm/java-13-openjdk!/jdk.zipfs" type="simple" />
          </root>
        </classPath>
        <javadocPath>
          <root type="composite" />
        </javadocPath>
        <sourcePath>
          <root type="composite" />
        </sourcePath>
      </roots>
      <additional />
    </jdk>
  </component>
</application>