<application>
  <component name="ParameterNameHintsSettings">
    <blacklists>
      <blacklist language="Kotlin">
        <added pattern="com.speechify.client.api.util.Failure(code,message)" />
        <added pattern="com.speechify.client.api.util.SDKError.ResourceNotFound(identifier,message)" />
        <added pattern="kotlin.ByteArray(size,init)" />
        <added pattern="com.speechify.client.api.adapters.http.HttpResponse(status,headers,body)" />
        <added pattern="com.speechify.client.api.adapters.firebase.FirebaseDatabaseService.updateValue(referencePath,updatedFields,callback)" />
        <added pattern="kotlin.math.max(a,b)" />
        <added pattern="com.speechify.client.internal.actor.testActor(actor,preds,block)" />
        <added pattern="com.speechify.client.api.adapters.firebase.FirebaseFirestoreDocumentSnapshot.Exists(key,json)" />
        <added pattern="kotlin.ranges.coerceAtLeast(minimumValue)" />
        <added pattern="com.speechify.client.internal.util.max(a,other)" />
        <added pattern="kotlin.collections.sliceArray(indices)" />
        <added pattern="kotlin.Int.plus(other)" />
        <added pattern="kotlinx.coroutines.channels.Channel.offer(element)" />
        <added pattern="kotlin.math.floor(x)" />
        <added pattern="kotlin.math.min(a,b)" />
        <added pattern="com.speechify.client.internal.util.subtractToZero(i)" />
      </blacklist>
    </blacklists>
    <disabledLanguages>
      <language id="kotlin" />
    </disabledLanguages>
  </component>
</application>