<application>
  <component name="FeatureSuggesterSettings">
    <option name="workingDays">
      <list>
        <option value="1656061107976" />
        <option value="1656326831442" />
        <option value="1656426842590" />
        <option value="1656494020555" />
        <option value="1656585575869" />
        <option value="1656669268642" />
        <option value="1656779376096" />
        <option value="1656932272685" />
        <option value="1657011905111" />
        <option value="1657180583898" />
        <option value="1657273712127" />
        <option value="1657617615414" />
        <option value="1657705598037" />
        <option value="1657790528829" />
        <option value="1657881529402" />
        <option value="1657980436659" />
        <option value="1658013367498" />
        <option value="1658480790864" />
        <option value="1658741325681" />
        <option value="1658825044146" />
        <option value="1658911847186" />
        <option value="1659002941788" />
        <option value="1659084920699" />
        <option value="1659348038659" />
        <option value="1659692536200" />
        <option value="1659953361576" />
        <option value="1660039747105" />
        <option value="1660124375870" />
        <option value="1660211455070" />
        <option value="1660297574488" />
      </list>
    </option>
  </component>
</application>